event_id,event_slug,event_title,market_id,market_question,market_slug,condition_id,category,bucket,tag_id_source,tag_labels,start_date,end_date,closed_time,active,closed,archived,volume_usd,liquidity_usd,outcomes,resolved_outcome,resolved_price,resolution_source,market_maker_address,ev_volume_usd_total,original_bucket,topic_label,include_reason,exclusion_reason
63212,1-searched-song-on-google-this-year,#1 Searched Song on Google this year?,643286,Will APT. by Rosé and Bruno Mars be the #1 searched song on Google this year?,will-apt-by-ros-and-bruno-mars-be-the-1-searched-song-on-google-this-year,0x9c28d213ceedc1bec0e97f850ab140fed59907614eb5291aa3b65c96daee0ccc,,release_performance,100,pop-culture|trends|music|google|google-search|best-of-2025,2025-10-22T21:18:52.526477Z,2025-12-31T00:00:00Z,2025-12-04 13:33:17+00,True,True,False,74402.57419,0.0,Yes|No,No,1.0,,,510568.128925,release_performance,attention_index_google_search,Google Year in Search attention-index market; retained as a shared resolver complex.,
59297,1-searched-person-on-google-this-year,#1 Searched Person on Google this year?,635237,Will Andy Byron be the #1 searched person on Google this year?,will-andy-byron-be-the-1-searched-person-on-google-this-year,0x228ac9d2dac8f23c6b582266a9e5fc7e366af339dd377936371494d6d184f814,,other,286,pop-culture|tech|google|celebrities|google-search|best-of-2025,2025-10-14T12:31:40.336Z,2025-12-31T00:00:00Z,2025-12-04 07:33:39+00,True,True,False,416409.007872,0.0,Yes|No,No,1.0,,,57096711.276345,other,attention_index_google_search,Google Year in Search attention-index market; retained as a shared resolver complex.,
59297,1-searched-person-on-google-this-year,#1 Searched Person on Google this year?,635238,Will Bad Bunny be the #1 searched person on Google this year?,will-bad-bunny-be-the-1-searched-person-on-google-this-year,0x6630347f1c889178ef47c6c17026b7ba601cb546bd57740530a1cd0420f294e3,,other,286,pop-culture|tech|google|celebrities|google-search|best-of-2025,2025-10-14T12:31:39.318Z,2025-12-31T00:00:00Z,2025-12-04 07:33:39+00,True,True,False,236504.660627,0.0,Yes|No,No,1.0,,,57096711.276345,other,attention_index_google_search,Google Year in Search attention-index market; retained as a shared resolver complex.,
59297,1-searched-person-on-google-this-year,#1 Searched Person on Google this year?,635226,Will Benjamin Netanyahu be the #1 searched person on Google this year?,will-benjamin-netanyahu-be-the-1-searched-person-on-google-this-year,0x69c24e927005578af1f5aaeab24df8972075b205d24cc8de455131cac3a68dbc,,other,286,pop-culture|tech|google|celebrities|google-search|best-of-2025,2025-10-14T12:31:35.758Z,2025-12-31T00:00:00Z,2025-12-04 07:28:45+00,True,True,False,1078603.699052,0.0,Yes|No,No,1.0,,,57096711.276345,other,attention_index_google_search,Google Year in Search attention-index market; retained as a shared resolver complex.,
59297,1-searched-person-on-google-this-year,#1 Searched Person on Google this year?,635244,Will Beyoncé be the #1 searched person on Google this year?,will-beyonc-be-the-1-searched-person-on-google-this-year,0x633a2040ea19eba7ed9ae3ad4035fbbd2fbce61f8344cd8567bb86c05265c712,,other,286,pop-culture|tech|google|celebrities|google-search|best-of-2025,2025-10-14T12:31:41.353Z,2025-12-31T00:00:00Z,2025-12-04 07:37:33+00,True,True,False,64251.457166,0.0,Yes|No,No,1.0,,,57096711.276345,other,attention_index_google_search,Google Year in Search attention-index market; retained as a shared resolver complex.,
59297,1-searched-person-on-google-this-year,#1 Searched Person on Google this year?,635236,Will Bianca Censori be the #1 searched person on Google this year?,will-bianca-censori-be-the-1-searched-person-on-google-this-year,0x5e9d439604053a0ca5644927fae8ac677b04e30e07507e4b6eb0d24dcc224f4e,,other,286,pop-culture|tech|google|celebrities|google-search|best-of-2025,2025-10-14T12:31:40.082Z,2025-12-31T00:00:00Z,2025-12-04 07:34:47+00,True,True,False,3902452.044254,0.0,Yes|No,No,1.0,,,57096711.276345,other,attention_index_google_search,Google Year in Search attention-index market; retained as a shared resolver complex.,
63212,1-searched-song-on-google-this-year,#1 Searched Song on Google this year?,643292,Will Birds of a Feather by Billie Eilish be the #1 searched song on Google this year?,will-birds-of-a-feather-by-billie-eilish-be-the-1-searched-song-on-google-this-year,0x540f2fbfaa0b0a94a600ae8d2772c3d77a215982bd7d0f747682fa72ac6e6563,,release_performance,100,pop-culture|trends|music|google|google-search|best-of-2025,2025-10-22T21:18:56.570089Z,2025-12-31T00:00:00Z,2025-12-04 11:54:11+00,True,True,False,100110.694943,0.0,Yes|No,No,1.0,,,510568.128925,release_performance,attention_index_google_search,Google Year in Search attention-index market; retained as a shared resolver complex.,
59297,1-searched-person-on-google-this-year,#1 Searched Person on Google this year?,635224,Will Charlie Kirk be the #1 searched person on Google this year?,will-charlie-kirk-be-the-1-searched-person-on-google-this-year,0x15bf2a1076dee184ef035a851235742bff87e406b7625f6fceb0814fe989aff8,,other,286,pop-culture|tech|google|celebrities|google-search|best-of-2025,2025-10-14T12:31:36.52Z,2025-12-31T00:00:00Z,2025-12-04 07:28:47+00,True,True,False,3115695.369367,0.0,Yes|No,No,1.0,,,57096711.276345,other,attention_index_google_search,Google Year in Search attention-index market; retained as a shared resolver complex.,
59297,1-searched-person-on-google-this-year,#1 Searched Person on Google this year?,635233,Will Diddy be the #1 searched person on Google this year?,will-diddy-be-the-1-searched-person-on-google-this-year-866,0x8c9d14a76eac528ea6d796157144ec57f90ad8ff37a370dc8ca218d187077e45,,other,286,pop-culture|tech|google|celebrities|google-search|best-of-2025,2025-10-14T12:31:38.041Z,2025-12-31T00:00:00Z,2025-12-04 07:34:15+00,True,True,False,437874.499085,0.0,Yes|No,No,1.0,,,57096711.276345,other,attention_index_google_search,Google Year in Search attention-index market; retained as a shared resolver complex.,
59297,1-searched-person-on-google-this-year,#1 Searched Person on Google this year?,635222,Will Donald Trump be the #1 searched person on Google this year?,will-donald-trump-be-the-1-searched-person-on-google-this-year,0x7a461888f0011b1730d74422388d76626b800033eb10a8fff4643984fb9f8806,,other,286,pop-culture|tech|google|celebrities|google-search|best-of-2025,2025-10-14T12:31:33.814Z,2025-12-31T00:00:00Z,2025-12-04 07:31:49+00,True,True,False,10483734.021399,0.0,Yes|No,No,1.0,,,57096711.276345,other,attention_index_google_search,Google Year in Search attention-index market; retained as a shared resolver complex.,
59297,1-searched-person-on-google-this-year,#1 Searched Person on Google this year?,635223,Will Elon Musk be the #1 searched person on Google this year?,will-elon-musk-be-the-1-searched-person-on-google-this-year,0x6812acca4cae37585e8a8a87950e72c6d626c3c213de46d84e822972132c658a,,other,286,pop-culture|tech|google|celebrities|google-search|best-of-2025,2025-10-14T12:31:34.069Z,2025-12-31T00:00:00Z,2025-12-04 07:30:29+00,True,True,False,950517.918275,0.0,Yes|No,No,1.0,,,57096711.276345,other,attention_index_google_search,Google Year in Search attention-index market; retained as a shared resolver complex.,
63212,1-searched-song-on-google-this-year,#1 Searched Song on Google this year?,643296,Will Golden by HUNTR/X be the #1 searched song on Google this year?,will-golden-by-huntrx-be-the-1-searched-song-on-google-this-year,0x4ef25537a6c6d86e601eb75b4f5468fc0902fd39005b0beba4d56a00f0bdaa1a,,release_performance,100,pop-culture|trends|music|google|google-search|best-of-2025,2025-10-22T21:18:58.777Z,2025-12-31T00:00:00Z,2025-12-04 11:05:45+00,True,True,False,60477.619323,0.0,Yes|No,No,1.0,,,510568.128925,release_performance,attention_index_google_search,Google Year in Search attention-index market; retained as a shared resolver complex.,
59297,1-searched-person-on-google-this-year,#1 Searched Person on Google this year?,635243,Will Jannik Sinner be the #1 searched person on Google this year?,will-jannik-sinner-be-the-1-searched-person-on-google-this-year,0x582468340989450d63fd0a24cd293a1c65f408d9ecc56f3bb0a630a1b4199c7c,,other,286,pop-culture|tech|google|celebrities|google-search|best-of-2025,2025-10-14T12:31:41.098Z,2025-12-31T00:00:00Z,2025-12-04 07:36:55+00,True,True,False,94809.755174,0.0,Yes|No,No,1.0,,,57096711.276345,other,attention_index_google_search,Google Year in Search attention-index market; retained as a shared resolver complex.,
59297,1-searched-person-on-google-this-year,#1 Searched Person on Google this year?,635235,Will Jimmy Kimmel be the #1 searched person on Google this year?,will-jimmy-kimmel-be-the-1-searched-person-on-google-this-year-325,0xe6579dbe57c1a39bb0c95f5c174c24a5d980acd86ebf1fd73bc18c11951f377b,,other,286,pop-culture|tech|google|celebrities|google-search|best-of-2025,2025-10-14T12:31:38.809Z,2025-12-31T00:00:00Z,2025-12-04 07:34:35+00,True,True,False,749564.456438,0.0,Yes|No,No,1.0,,,57096711.276345,other,attention_index_google_search,Google Year in Search attention-index market; retained as a shared resolver complex.,
59297,1-searched-person-on-google-this-year,#1 Searched Person on Google this year?,635240,Will Kanye West / Ye be the #1 searched person on Google this year?,will-kanye-west-ye-be-the-1-searched-person-on-google-this-year,0xd724d38f2358c962d146a6c38647eacd2abe180b9debdc1b8e863cccdcbd8614,,other,286,pop-culture|tech|google|celebrities|google-search|best-of-2025,2025-10-14T12:31:39.827Z,2025-12-31T00:00:00Z,2025-12-04 07:33:37+00,True,True,False,575844.61271,0.0,Yes|No,No,1.0,,,57096711.276345,other,attention_index_google_search,Google Year in Search attention-index market; retained as a shared resolver complex.,
59297,1-searched-person-on-google-this-year,#1 Searched Person on Google this year?,635245,Will Katy Perry be the #1 searched person on Google this year?,will-katy-perry-be-the-1-searched-person-on-google-this-year,0x46de9c6c14d2ce8da3ca15ac7d1b2255d6edd5c64ec1e7b5e40190436b298a71,,other,286,pop-culture|tech|google|celebrities|google-search|best-of-2025,2025-10-14T12:31:41.865Z,2025-12-31T00:00:00Z,2025-12-04 07:37:51+00,True,True,False,121169.051666,0.0,Yes|No,No,1.0,,,57096711.276345,other,attention_index_google_search,Google Year in Search attention-index market; retained as a shared resolver complex.,
59297,1-searched-person-on-google-this-year,#1 Searched Person on Google this year?,635231,Will Kendrick Lamar be the #1 searched person on Google this year?,will-kendrick-lamar-be-the-1-searched-person-on-google-this-year,0x1c9885eb9bff8ecfdf54f7344532c7f956b54484b85020b577785c4474cbc7bb,,other,286,pop-culture|tech|google|celebrities|google-search|best-of-2025,2025-10-14T12:31:37.788Z,2025-12-31T00:00:00Z,2025-12-04 09:16:27+00,True,True,False,1467474.199664,0.0,Yes|No,No,1.0,,,57096711.276345,other,attention_index_google_search,Google Year in Search attention-index market; retained as a shared resolver complex.,
59297,1-searched-person-on-google-this-year,#1 Searched Person on Google this year?,635239,Will Luigi Mangione be the #1 searched person on Google this year?,will-luigi-mangione-be-the-1-searched-person-on-google-this-year,0xb2fb1b5f67a707d2659f63fad534285a66feac3e58f32fad8663a326eb809f03,,other,286,pop-culture|tech|google|celebrities|google-search|best-of-2025,2025-10-14T12:31:39.062Z,2025-12-31T00:00:00Z,2025-12-04 07:35:41+00,True,True,False,614872.1413,0.0,Yes|No,No,1.0,,,57096711.276345,other,attention_index_google_search,Google Year in Search attention-index market; retained as a shared resolver complex.,
59297,1-searched-person-on-google-this-year,#1 Searched Person on Google this year?,635241,Will Nicolás Maduro be the #1 searched person on Google this year?,will-nicols-maduro-be-the-1-searched-person-on-google-this-year,0x9d4f213d19569042e7f0b9300aabe14cdc394b5e51bfc6dd5c5bb5c4d240ef3a,,other,286,pop-culture|tech|google|celebrities|google-search|best-of-2025,2025-10-14T12:31:40.589Z,2025-12-31T00:00:00Z,2025-12-04 07:36:11+00,True,True,False,199915.667669,0.0,Yes|No,No,1.0,,,57096711.276345,other,attention_index_google_search,Google Year in Search attention-index market; retained as a shared resolver complex.,
63212,1-searched-song-on-google-this-year,#1 Searched Song on Google this year?,643287,Will Not Like Us by Kendrick Lamar be the #1 searched song on Google this year?,will-not-like-us-by-kendrick-lamar-be-the-1-searched-song-on-google-this-year,0xf31a6376b45a1e3e3af86d786ad9d8e640db5f6c2e83ab3772fad744eafb7f14,,release_performance,100,pop-culture|trends|music|google|google-search|best-of-2025,2025-10-22T21:18:53.371851Z,2025-12-31T00:00:00Z,2025-12-04 13:21:23+00,True,True,False,57432.2266,0.0,Yes|No,No,1.0,,,510568.128925,release_performance,attention_index_google_search,Google Year in Search attention-index market; retained as a shared resolver complex.,
63212,1-searched-song-on-google-this-year,#1 Searched Song on Google this year?,643294,Will Ordinary by Alex Warren be the #1 searched song on Google this year?,will-ordinary-by-alex-warren-be-the-1-searched-song-on-google-this-year,0x13efad8b2f23a6d2ae159302de16ba11cc93ebabf58e07b2315646074a7d409d,,release_performance,100,pop-culture|trends|music|google|google-search|best-of-2025,2025-10-22T21:18:57.080394Z,2025-12-31T00:00:00Z,2025-12-04 11:59:15+00,True,True,False,88627.42112,0.0,Yes|No,No,1.0,,,510568.128925,release_performance,attention_index_google_search,Google Year in Search attention-index market; retained as a shared resolver complex.,
59297,1-searched-person-on-google-this-year,#1 Searched Person on Google this year?,635230,Will Pope Leo XIV be the #1 searched person on Google this year?,will-pope-leo-xiv-be-the-1-searched-person-on-google-this-year,0xb9b05c3a14c6a7c1c6c00a8c214ed154d4232a885f98ebfd01889204ed252931,,other,286,pop-culture|tech|google|celebrities|google-search|best-of-2025,2025-10-14T12:31:38.294Z,2025-12-31T00:00:00Z,2025-12-04 07:25:53+00,True,True,False,7533509.09764,0.0,Yes|No,No,1.0,,,57096711.276345,other,attention_index_google_search,Google Year in Search attention-index market; retained as a shared resolver complex.,
59297,1-searched-person-on-google-this-year,#1 Searched Person on Google this year?,635227,Will Sam Altman be the #1 searched person on Google this year?,will-sam-altman-be-the-1-searched-person-on-google-this-year,0x092e07a4e75f9384e6f2d6fcda7dfb54478207f677d8e117970934271ff19e54,,other,286,pop-culture|tech|google|celebrities|google-search|best-of-2025,2025-10-14T12:31:36.267Z,2025-12-31T00:00:00Z,2025-12-04 07:33:39+00,True,True,False,538199.623547,0.0,Yes|No,No,1.0,,,57096711.276345,other,attention_index_google_search,Google Year in Search attention-index market; retained as a shared resolver complex.,
59297,1-searched-person-on-google-this-year,#1 Searched Person on Google this year?,635247,Will Shedeur Sanders be the #1 searched person on Google this year?,will-shedeur-sanders-be-the-1-searched-person-on-google-this-year,0xa9c019863e0cc8a6aa339d51dd2f912e8e99195efa69494af28e985a3869d116,,other,286,pop-culture|tech|google|celebrities|google-search|best-of-2025,2025-10-14T12:31:41.609Z,2025-12-31T00:00:00Z,2025-12-04 07:38:47+00,True,True,False,157106.176333,0.0,Yes|No,No,1.0,,,57096711.276345,other,attention_index_google_search,Google Year in Search attention-index market; retained as a shared resolver complex.,
63206,1-searched-tv-show-on-google-this-year,#1 Searched TV Show on Google this year?,643199,Will Squid Game be the #1 searched TV show on Google this year?,will-squid-game-be-the-1-searched-tv-show-on-google-this-year,0xd730e31c172055955a3e1ce2157a357ef57025795e2c785cea292d2066bc2260,,reality_tv,100338,google|pop-culture|reality-tv|tv|google-search|best-of-2025,2025-10-22T21:33:13.525003Z,2025-12-31T00:00:00Z,2025-12-04 08:13:51+00,True,True,False,67924.942525,0.0,Yes|No,No,1.0,,,418703.464453,reality_tv,attention_index_google_search,Google Year in Search attention-index market; retained as a shared resolver complex.,
59297,1-searched-person-on-google-this-year,#1 Searched Person on Google this year?,635242,Will Sydney Sweeney be the #1 searched person on Google this year?,will-sydney-sweeney-be-the-1-searched-person-on-google-this-year,0xcb048886d15f9221a129150ca5d004fe72d6fa89d0a065d29e819363e9265eb7,,other,286,pop-culture|tech|google|celebrities|google-search|best-of-2025,2025-10-14T12:31:42.122Z,2025-12-31T00:00:00Z,2025-12-04 07:36:37+00,True,True,False,186599.86141,0.0,Yes|No,No,1.0,,,57096711.276345,other,attention_index_google_search,Google Year in Search attention-index market; retained as a shared resolver complex.,
59297,1-searched-person-on-google-this-year,#1 Searched Person on Google this year?,635225,Will Taylor Swift be the #1 searched person on Google this year?,will-taylor-swift-be-the-1-searched-person-on-google-this-year,0x3e796b4dad02ae3c8465539e32936fcbcfc0016965986ddd78d934c8d825a7c7,,other,286,pop-culture|tech|google|celebrities|google-search|best-of-2025,2025-10-14T12:31:37.027Z,2025-12-31T00:00:00Z,2025-12-04 07:28:47+00,True,True,False,1224908.253781,0.0,Yes|No,No,1.0,,,57096711.276345,other,attention_index_google_search,Google Year in Search attention-index market; retained as a shared resolver complex.,
63206,1-searched-tv-show-on-google-this-year,#1 Searched TV Show on Google this year?,643201,Will The Bear be the #1 searched TV show on Google this year?,will-the-bear-be-the-1-searched-tv-show-on-google-this-year,0x9369931657597588cbd0f879c8fa387eb76549d94aa8e87f8519ed68dec2ea34,,reality_tv,100338,google|pop-culture|reality-tv|tv|google-search|best-of-2025,2025-10-22T21:33:14.034488Z,2025-12-31T00:00:00Z,2025-12-04 08:30:43+00,True,True,False,75975.218886,0.0,Yes|No,No,1.0,,,418703.464453,reality_tv,attention_index_google_search,Google Year in Search attention-index market; retained as a shared resolver complex.,
59297,1-searched-person-on-google-this-year,#1 Searched Person on Google this year?,635229,Will Vladimir Putin be the #1 searched person on Google this year?,will-vladimir-putin-be-the-1-searched-person-on-google-this-year,0xc60a01a86797f61188a3e593501a25af1d0fb3ef593987f18e0369f086207392,,other,286,pop-culture|tech|google|celebrities|google-search|best-of-2025,2025-10-14T12:31:36.774Z,2025-12-31T00:00:00Z,2025-12-04 07:31:47+00,True,True,False,7248122.509011,0.0,Yes|No,No,1.0,,,57096711.276345,other,attention_index_google_search,Google Year in Search attention-index market; retained as a shared resolver complex.,
59297,1-searched-person-on-google-this-year,#1 Searched Person on Google this year?,635228,Will Volodymyr Zelenskyy be the #1 searched person on Google this year?,will-volodymyr-zelenskyy-be-the-1-searched-person-on-google-this-year,0x043de3efb9536434b01af33ec2ca33ee296a46a5bff5bff0c8d36788066ed543,,other,286,pop-culture|tech|google|celebrities|google-search|best-of-2025,2025-10-14T12:31:36.011Z,2025-12-31T00:00:00Z,2025-12-04 07:26:49+00,True,True,False,346728.613081,0.0,Yes|No,No,1.0,,,57096711.276345,other,attention_index_google_search,Google Year in Search attention-index market; retained as a shared resolver complex.,
59297,1-searched-person-on-google-this-year,#1 Searched Person on Google this year?,635234,Will Zohran Mamdani be the #1 searched person on Google this year?,will-zohran-mamdani-be-the-1-searched-person-on-google-this-year,0xc911270562115b23c039a7332acfef95066fcf9fe8c675752c67766d997cbe64,,other,286,pop-culture|tech|google|celebrities|google-search|best-of-2025,2025-10-14T12:31:39.572Z,2025-12-31T00:00:00Z,2025-12-04 07:31:47+00,True,True,False,1351068.75117,0.0,Yes|No,No,1.0,,,57096711.276345,other,attention_index_google_search,Google Year in Search attention-index market; retained as a shared resolver complex.,
59297,1-searched-person-on-google-this-year,#1 Searched Person on Google this year?,635246,Will d4vd be the #1 searched person on Google this year?,will-d4vd-be-the-1-searched-person-on-google-this-year,0xea17b1284d10617a57f910b2ea63bdef481b1724a4b899d454ff104bea67b657,,other,286,pop-culture|tech|google|celebrities|google-search|best-of-2025,2025-10-14T12:31:40.844Z,2025-12-31T00:00:00Z,2025-12-08 01:42:01+00,True,True,False,13950282.417654,0.0,Yes|No,Yes,1.0,,,57096711.276345,other,attention_index_google_search,Google Year in Search attention-index market; retained as a shared resolver complex.,
164137,grammys-best-music-video-winner,Grammys: Best Music Video Winner,1183859,"Will ""Anxiety - Doechii"" win Best Music Video at the 68th annual GRAMMY Awards?",will-anxiety-doechii-win-best-music-video-at-the-68th-annual-grammy-awards,0x3142f65e9e8e38c50ef433edd8c628a0eed8400d7774292f5b006fb9fa820897,,awards,100,awards|grammys|pop-culture|music,2026-01-15T00:00:02.958683Z,2026-02-01T00:00:00Z,2026-02-02 02:45:40+00,True,True,False,54734.075381,0.0,Yes|No,Yes,1.0,,,75332.32302,awards,awards,Awards market with plausible voter / industry information asymmetry.,
56716,grammys-record-of-the-year-winner,Grammys: Record of the Year Winner,628198,Will APT (Rosé and Bruno Mars) win Record of the Year at the 68th Annual GRAMMY Awards?,will-apt-ros-and-bruno-mars-win-record-of-the-year-at-the-68th-annual-grammy-awards,0x33a3e96a12a5d7f46aabec104a70b0f5315ff72fd63cdeeb6371af7caed53130,,awards,100,awards|grammys|pop-culture|music,2025-10-09T17:03:38.935Z,2026-02-01T00:00:00Z,2026-02-02 07:25:44+00,True,True,False,99039.866852,0.0,Yes|No,No,1.0,,,603606.535802,awards,awards,Awards market with plausible voter / industry information asymmetry.,
56716,grammys-record-of-the-year-winner,Grammys: Record of the Year Winner,628196,Will Abracadabra (Lady Gaga) win Record of the Year at the 68th Annual GRAMMY Awards?,will-abracadabra-lady-gaga-win-record-of-the-year-at-the-68th-annual-grammy-awards,0x159d25871befc23b455537bf6b9de2c6236cf6bfe46da0b9577f28db42ce4b09,,awards,100,awards|grammys|pop-culture|music,2025-10-09T17:03:39.446893Z,2026-02-01T00:00:00Z,2026-02-02 08:19:08+00,True,True,False,63285.166495,0.0,Yes|No,No,1.0,,,603606.535802,awards,awards,Awards market with plausible voter / industry information asymmetry.,
56716,grammys-record-of-the-year-winner,Grammys: Record of the Year Winner,628197,Will DTMF (Bad Bunny) win Record of the Year at the 68th Annual GRAMMY Awards?,will-dtmf-bad-bunny-win-record-of-the-year-at-the-68th-annual-grammy-awards,0x262cfdb7103a1ab09f37c46c401258b7db31247f70439b6b3dd770ec1ce7617f,,awards,100,awards|grammys|pop-culture|music,2025-10-09T17:03:39.701212Z,2026-02-01T00:00:00Z,2026-02-02 07:29:50+00,True,True,False,67566.587549,0.0,Yes|No,No,1.0,,,603606.535802,awards,awards,Awards market with plausible voter / industry information asymmetry.,
56713,grammys-best-rap-album-winner,Grammys: Best Rap Album Winner,628155,Will GNX (Kendrick Lamar) win Best Rap Album at the 68th Annual GRAMMY Awards?,will-gnx-kendrick-lamar-win-best-rap-album-at-the-68th-annual-grammy-awards,0x9d358ad28d4d4cddc736b11f2b9faebb7ced21825828600eda9e09764349d599,,awards,100,music|grammys|awards|pop-culture,2025-10-09T17:17:53.650082Z,2026-02-01T00:00:00Z,2026-02-02 06:12:16+00,True,True,False,91939.563436,0.0,Yes|No,Yes,1.0,,,314243.410727,awards,awards,Awards market with plausible voter / industry information asymmetry.,
191754,how-many-grammys-will-lady-gaga-win,How many Grammys will Lady Gaga win?,1285673,Will Lady Gaga win 2 Grammys?,will-lady-gaga-win-2-grammys,0xc7454e19b073bb973364e504c0c03a32449d467665756d4c83d1cbe1a401cdd9,,awards,100,celebrities|music|awards|pop-culture|grammys,2026-01-29T03:32:28.282681Z,2026-02-01T00:00:00Z,2026-02-03 05:05:22+00,True,True,False,201029.316521,0.0,Yes|No,Yes,1.0,,,885692.868699,awards,awards,Awards market with plausible voter / industry information asymmetry.,
191754,how-many-grammys-will-lady-gaga-win,How many Grammys will Lady Gaga win?,1285674,Will Lady Gaga win 3 Grammys?,will-lady-gaga-win-3-grammys,0x0d880d85cadbe01cf69b30215a8f7304f0bc3e31f6f92218b0b02c9f145e9780,,awards,100,celebrities|music|awards|pop-culture|grammys,2026-01-29T03:32:42.265068Z,2026-02-01T00:00:00Z,2026-02-06 23:56:47+00,True,True,False,668656.587519,0.0,Yes|No,No,1.0,,,885692.868699,awards,awards,Awards market with plausible voter / industry information asymmetry.,
56713,grammys-best-rap-album-winner,Grammys: Best Rap Album Winner,628157,Will Let God Sort Em Out (Clipse Pusha T Malice) win Best Rap Album at the 68th Annual GRAMMY Awards?,will-let-god-sort-em-out-clipse-pusha-t-malice-win-best-rap-album-at-the-68th-annual-grammy-awards,0xa14fa7cd7ec5c4472528335369eabdf92e83a1968e8cec4f4966a76b2d295018,,awards,100,music|grammys|awards|pop-culture,2025-10-09T17:17:55.833446Z,2026-02-01T00:00:00Z,2026-02-02 06:12:16+00,True,True,False,90236.764711,0.0,Yes|No,No,1.0,,,314243.410727,awards,awards,Awards market with plausible voter / industry information asymmetry.,
56716,grammys-record-of-the-year-winner,Grammys: Record of the Year Winner,628195,Will Luther (Kendrick Lamar and SZA) win Record of the Year at the 68th Annual GRAMMY Awards?,will-luther-kendrick-lamar-and-sza-win-record-of-the-year-at-the-68th-annual-grammy-awards,0x2feeead1f8bd91e30424de10ab27d4e48562db8846ec390914cffe4d4600c20c,,awards,100,awards|grammys|pop-culture|music,2025-10-09T17:03:39.192Z,2026-02-01T00:00:00Z,2026-02-02 08:13:24+00,True,True,False,144985.116939,0.0,Yes|No,Yes,1.0,,,603606.535802,awards,awards,Awards market with plausible voter / industry information asymmetry.,
40053,will-mrbeast-reach-450-million-subscribers-in-2025,Will MrBeast reach 450 million subscribers in 2025?,582313,Will MrBeast reach 450 million subscribers in 2025?,will-mrbeast-reach-450-million-subscribers-in-2025,0x16d0091ceb7205446bbad250bf51f4f0d9f95265f8945422289c97dc4926cffd,,other,286,mrbeast|celebrities|pop-culture,2025-08-27T22:30:57.41841Z,2025-12-31T00:00:00Z,2025-11-07 13:30:17+00,True,True,False,8495812.451834,0.0,Yes|No,Yes,1.0,,0x825C976455C99F7eC3838Bb8828C5a1F476951a8,8495812.451834,other,creator_platform_metric,Creator / platform attention metric with public data and possible insider-adjacent access.,
25915,will-blkpik-release-an-album-before-2026,Will BLɅϽKPIИK release an album before 2026?,549566,Will BLɅϽKPIИK release an album before 2026?,will-blkpik-release-an-album-before-2026,0x8abe71036e148e592c12aee32b2417e79984d0d3f36a7e016cae3f0b44301b2c,,release_performance,100,music|south-korea|pop-culture|blackpink|kpop|k-pop,2025-06-03T18:01:18.959257Z,2025-12-31T00:00:00Z,2026-01-01 10:29:37+00,True,True,False,122460.074667,0.0,Yes|No,No,1.0,,,122460.074667,release_performance,entertainment_release,Entertainment release or performance market with production / distribution information asymmetry.,
22060,which-artists-will-release-new-albums-in-2025,Which artists will release new albums in 2025?,627394,Will Olivia Rodrigo release an album in 2025?,will-olivia-rodrigo-release-an-album-in-2025,0xe601d5047ffb85c43758f1cbd5fe5faa5e646f0020f56fcc2534b17741ed9521,,release_performance,100,pop-culture|music,2025-10-08T19:28:06.826766Z,2025-12-31T00:00:00Z,2026-01-05 18:43:55+00,True,True,False,4153786.418129,0.0,Yes|No,No,1.0,,,4499332.659913,release_performance,entertainment_release,Entertainment release or performance market with production / distribution information asymmetry.,
57026,which-artists-will-release-a-new-song-before-2026,Which artists will release a new song before 2026?,628817,Will SZA release a new song in 2025?,will-sza-release-a-new-song-in-2025,0x7b033419a28464e1fababbfe57a6ac63e27add41444192dafd3b8ead700e01a0,,release_performance,100,pop-culture|music,2025-10-09T19:44:04.504227Z,2025-12-31T00:00:00Z,2026-01-03 01:29:01+00,True,True,False,1192326.370358,0.0,Yes|No,Yes,1.0,,,1278235.734436,release_performance,entertainment_release,Entertainment release or performance market with production / distribution information asymmetry.,
34896,will-taylor-swift-release-an-album-by-december-31,Will Taylor Swift release an album by December 31?,570078,Will Taylor Swift release an album by December 31?,will-taylor-swift-release-an-album-by-december-31,0x5852b0184ac6d9f5cb42157de9e83042d5cf333c1ae524ddc7403bf99b34f325,,release_performance,100,music|pop-culture|taylor-swift,2025-07-30T19:35:05.159872Z,2025-12-31T03:00:00Z,2025-10-03 06:15:30+00,True,True,False,184652.180876,0.0,Yes|No,Yes,1.0,,0x1bC134830d57738fC9A4ad3E5B6F8a5F62188219,184652.180876,release_performance,entertainment_release,Entertainment release or performance market with production / distribution information asymmetry.,
22060,which-artists-will-release-new-albums-in-2025,Which artists will release new albums in 2025?,535354,Will Drake release an album in 2025?,will-drake-release-an-album-in-2025,0xab2209249f3b40f04706c4f0d1b194496422fa0b8114681f00a67711af13bc7e,,release_performance,100,pop-culture|music,2025-04-08T19:31:31.895Z,2025-12-31T12:00:00Z,2026-01-01 10:12:11+00,True,True,False,75479.100515,0.0,Yes|No,No,1.0,,,4499332.659913,release_performance,entertainment_release,Entertainment release or performance market with production / distribution information asymmetry.,
22060,which-artists-will-release-new-albums-in-2025,Which artists will release new albums in 2025?,533292,Will Rihanna release an album in 2025?,will-rihanna-release-an-album-in-2025,0x1d150a287c268fe491d22719d7d984433211984ad9379f25049ab5ae249eff10,,release_performance,100,pop-culture|music,2025-04-08T19:24:21.578Z,2025-12-31T12:00:00Z,2026-01-01 10:11:13+00,True,True,False,184855.462709,0.0,Yes|No,No,1.0,,,4499332.659913,release_performance,entertainment_release,Entertainment release or performance market with production / distribution information asymmetry.,
145916,new-stranger-things-episode-released-by-wednesday,"New ""Stranger Things"" episode released by...? ",1640053,"New ""Stranger Things"" episode released by April 30? ",new-stranger-things-episode-released-by-april-30,0xdf72ce355c6405cf62414e6260e99c6de297ce31220c523d2886acd6f5ffd8d9,,reality_tv,100338,pop-culture|tv|netflix|movies,2026-03-18T15:22:55.902034Z,2026-01-07T00:00:00Z,2026-05-01 07:06:42+00,True,True,False,414347.09857900057,0.0,Yes|No,No,1.0,,,30044850.485898,reality_tv,entertainment_release,Entertainment release or performance market with production / distribution information asymmetry.,
145916,new-stranger-things-episode-released-by-wednesday,"New ""Stranger Things"" episode released by...? ",1278048,"New ""Stranger Things"" episode released by February 28? ",new-stranger-things-episode-released-by-february-28-564-799-718-478-643-635-547,0xa6480bbebce112177d153c814e85a7961b16cb2781ba707c33771d247cb51848,,reality_tv,100338,pop-culture|tv|netflix|movies,2026-01-27T16:07:06.086Z,2026-01-07T00:00:00Z,2026-03-01 09:35:03+00,True,True,False,1294241.817949,0.0,Yes|No,No,1.0,,,30044850.485898,reality_tv,entertainment_release,Entertainment release or performance market with production / distribution information asymmetry.,
145916,new-stranger-things-episode-released-by-wednesday,"New ""Stranger Things"" episode released by...? ",1175937,"New ""Stranger Things"" episode released by January 14? ",new-stranger-things-episode-released-by-january-14-741,0xc4f9c5ce504fe71a5ab7a870b39ce0dd13d527e9656a270bfc55e2ed5d33b83a,,reality_tv,100338,pop-culture|tv|netflix|movies,2026-01-13T16:40:36.992007Z,2026-01-07T00:00:00Z,2026-01-15 07:04:58+00,True,True,False,1005436.637695,0.0,Yes|No,No,1.0,,,30044850.485898,reality_tv,entertainment_release,Entertainment release or performance market with production / distribution information asymmetry.,
145916,new-stranger-things-episode-released-by-wednesday,"New ""Stranger Things"" episode released by...? ",1119646,"New ""Stranger Things"" episode released by January 31? ",new-stranger-things-episode-released-by-january-31-294,0x3d109c1fe77572356951368f363ea16c6d8fd0fe78bd0ef2a51af572ae9a4c67,,reality_tv,100338,pop-culture|tv|netflix|movies,2026-01-06T05:23:37.255Z,2026-01-07T00:00:00Z,2026-02-01 07:04:14+00,True,True,False,10643992.245096,0.0,Yes|No,No,1.0,,,30044850.485898,reality_tv,entertainment_release,Entertainment release or performance market with production / distribution information asymmetry.,
145916,new-stranger-things-episode-released-by-wednesday,"New ""Stranger Things"" episode released by...? ",1640052,"New ""Stranger Things"" episode released by March 31? ",new-stranger-things-episode-released-by-march-31-299,0x294759deb30aa52efdee2af1711411961c4cdaf696179c8a1d5ac08674814a52,,reality_tv,100338,pop-culture|tv|netflix|movies,2026-03-18T15:21:35.103032Z,2026-01-07T00:00:00Z,2026-04-01 07:31:59+00,True,True,False,377874.7889590002,0.0,Yes|No,No,1.0,,,30044850.485898,reality_tv,entertainment_release,Entertainment release or performance market with production / distribution information asymmetry.,
145916,new-stranger-things-episode-released-by-wednesday,"New ""Stranger Things"" episode released by...? ",1116706,"New ""Stranger Things"" episode released by Wednesday? ",new-stranger-things-episode-released-by-wednesday,0xc111415f3e8d30760497cafd642d2672ce63c476769e4ddf95472e02e3931aea,,reality_tv,100338,pop-culture|tv|netflix|movies,2026-01-05T22:16:32.036Z,2026-01-07T00:00:00Z,2026-01-08 07:15:19+00,True,True,False,15181604.224152,0.0,Yes|No,No,1.0,,,30044850.485898,reality_tv,entertainment_release,Entertainment release or performance market with production / distribution information asymmetry.,
149654,dont-be-dumb-first-week-album-sales,'Don't Be Dumb' First Week Album Sales?,1130315,Will 'Don't Be Dumb' debut week album sales be at least 200k?,will-dont-be-dumb-debut-week-album-sales-be-at-least-200k,0x17c497be534c8ea49f84b3e8e8ae40bf044845e04721c07427fe4f4293e26f44,,release_performance,100,music|pop-culture|asap-rocky|asap|album|aap,2026-01-08T18:34:24.019873Z,2026-01-23T00:00:00Z,2026-01-26 05:32:40+00,True,True,False,52615.582494,0.0,Yes|No,No,1.0,,,176525.139328,release_performance,entertainment_release,Entertainment release or performance market with production / distribution information asymmetry.,
189810,will-kanye-release-bully-by,Will Kanye release BULLY by...?,1273403,Will Kanye release BULLY by January 30?,will-kanye-release-bully-by-january-30,0x4ac3fc312b120e7733bfdb0a9d865f3ae67571e224a520f8a73ee33f1e11c287,,release_performance,100,ye|pop-culture|album|music|kanye-west,2026-01-26T23:01:36.948Z,2026-01-30T00:00:00Z,2026-01-31 15:14:56+00,True,True,False,128172.245033,0.0,Yes|No,No,1.0,,,690864.3670949992,release_performance,entertainment_release,Entertainment release or performance market with production / distribution information asymmetry.,
189810,will-kanye-release-bully-by,Will Kanye release BULLY by...?,1553201,Will Kanye release BULLY by March 27?,will-kanye-release-bully-by-march-27,0x9805dc4c454aca5de1d6f6e287d04a7744099eb7baeab596ceb09c3cee6bc9a8,,release_performance,100,ye|pop-culture|album|music|kanye-west,2026-03-10T17:30:24.695518Z,2026-01-30T00:00:00Z,2026-03-28 09:04:45+00,True,True,False,321222.58222199924,0.0,Yes|No,No,1.0,,,690864.3670949992,release_performance,entertainment_release,Entertainment release or performance market with production / distribution information asymmetry.,
106879,who-will-win-the-beast-games-season-2,Who will win the Beast Games: Season 2?,949430,Will a contestant numbered 151 - 175 win Beast Games: Season 2?,will-a-contestant-numbered-151-175-win-beast-games-season-2,0xab10207919644febebabfeeb8194dc2c637ffe5f5f3f4246e8b0a7238a36f68f,,reality_tv,100338,youtube|movies|mrbeast|pop-culture|tv,2025-12-16T21:39:52.977182Z,2026-02-25T00:00:00Z,2026-02-25 11:33:18+00,True,True,False,107364.365387,0.0,Yes|No,Yes,1.0,,,322298.18607,reality_tv,entertainment_release,Entertainment release or performance market with production / distribution information asymmetry.,
75432,will-blkpik-release-an-album-by-february-28,Will BLɅϽKPIИK release an album by February 28?,669488,Will BLɅϽKPIИK release an album by February 28?,will-blkpik-release-an-album-by-february-28,0x9ce66325a465b9009a30fe3a871f76eb9275ad5659afd4f89c9045d1fc053b24,,release_performance,100,pop-culture|music|blackpink|south-korea|kpop|k-pop,2025-11-07T17:14:43.653864Z,2026-02-28T00:00:00Z,2026-02-27 07:36:37+00,True,True,False,140818.520229,0.0,Yes|No,Yes,1.0,,,140818.520229,release_performance,entertainment_release,Entertainment release or performance market with production / distribution information asymmetry.,
197603,charlie-puth-whatevers-clever-first-week-album-sales,Charlie Puth 'Whatever's Clever!' First Week Album Sales?,1326454,Will 'Whatever's Clever!' - Charlie Puth debut week album sales be between 20k and 25k?,will-whatevers-clever-charlie-puth-debut-week-album-sales-be-between-20k-and-25k,0xbb0e10eb31da36887bba125132a76ba703dec569367644cdcf73441247f353a8,,release_performance,100,pop-culture|music|celebrities,2026-02-03T16:43:15.033526Z,2026-03-06T00:00:00Z,2026-04-04 01:37:27+00,True,True,False,76933.63448300002,0.0,Yes|No,No,1.0,,,221753.66403500002,release_performance,entertainment_release,Entertainment release or performance market with production / distribution information asymmetry.,
197603,charlie-puth-whatevers-clever-first-week-album-sales,Charlie Puth 'Whatever's Clever!' First Week Album Sales?,1326455,Will 'Whatever's Clever!' - Charlie Puth debut week album sales be between 25k and 30k?,will-whatevers-clever-charlie-puth-debut-week-album-sales-be-between-25k-and-30k,0x675dacd60b0dd10799a9a459f2a415db923b38cc0e68ccce93fc6c6bb187d42a,,release_performance,100,pop-culture|music|celebrities,2026-02-03T16:43:23.949408Z,2026-03-06T00:00:00Z,2026-04-04 01:37:27+00,True,True,False,102920.17676,0.0,Yes|No,No,1.0,,,221753.66403500002,release_performance,entertainment_release,Entertainment release or performance market with production / distribution information asymmetry.,
197688,bts-arirang-first-week-album-sales,BTS 'Arirang' First Week Album Sales?,1327161,Will 'Arirang' - BTS debut week album sales be less than 3m?,will-arirang-bts-debut-week-album-sales-be-less-than-3m,0x19304977d87e5b37f5c40719a3e935c136acd5705b1398afdb4179b0dbdda19b,,release_performance,100,pop-culture|celebrities|south-korea|music,2026-02-03T22:53:22.576606Z,2026-03-20T00:00:00Z,2026-03-28 01:41:19+00,True,True,False,70190.53943999995,0.0,Yes|No,Yes,1.0,,,161832.23352299986,release_performance,entertainment_release,Entertainment release or performance market with production / distribution information asymmetry.,
189810,will-kanye-release-bully-by,Will Kanye release BULLY by...?,1553200,Will Kanye release BULLY by April 3?,will-kanye-release-bully-by-april-3,0x9248525cb130e22e64a205b534dbae1a553d3161118ac21b2e8976293806a2cd,,release_performance,100,ye|pop-culture|album|music|kanye-west,2026-03-24T18:55:42.184619Z,2026-04-03T00:00:00Z,2026-03-28 16:24:23+00,True,True,False,241469.53983999992,0.0,Yes|No,Yes,1.0,,,690864.3670949992,release_performance,entertainment_release,Entertainment release or performance market with production / distribution information asymmetry.,
290116,secret-lives-of-mormon-wives-season-5-cancelled-by-april-15,Secret Lives of Mormon Wives Season 5 cancelled by April 15?,1663073,Secret Lives of Mormon Wives Season 5 cancelled by April 15?,secret-lives-of-mormon-wives-season-5-cancelled-by-april-15,0x133f8b12cf14d8d136742b3447d7976161aed3e865eb518a868762849bb4a1e1,,reality_tv,104280,bachelorette|pop-culture|reality-tv,2026-03-20T17:22:53.696006Z,2026-04-15T00:00:00Z,2026-04-16 08:14:36+00,True,True,False,54005.183023999976,0.0,Yes|No,No,1.0,,,54005.183023999976,reality_tv,entertainment_release,Entertainment release or performance market with production / distribution information asymmetry.,
211946,will-drake-release-iceman-by,Will Drake release Iceman by...?,1386214,"Will Drake officially release Iceman by April 30, 2026?",will-drake-officially-release-iceman-by-april-30-2026,0x1081498f18c528f543e0342046f5a0a638168b9a3cb9197d4529addb1e76f8e1,,release_performance,100,pop-culture|music|album|drake|iceman,2026-02-16T20:23:58.976039Z,2026-04-30T00:00:00Z,2026-05-01 09:28:18+00,True,True,False,310846.34462800063,0.0,Yes|No,No,1.0,,,748249.6881780005,release_performance,entertainment_release,Entertainment release or performance market with production / distribution information asymmetry.,
211946,will-drake-release-iceman-by,Will Drake release Iceman by...?,1909609,"Will Drake officially release Iceman by June 30, 2026?",will-drake-officially-release-iceman-by-june-30-2026-256-733,0x38219338712a8356b39fe2adcb159eb9c3b59a2423965261f208e16c63f67c0b,,release_performance,100,pop-culture|music|album|drake|iceman,2026-04-08T20:13:11.524Z,2026-04-30T00:00:00Z,2026-05-15 06:16:49+00,True,True,False,89570.79495300006,0.0,Yes|No,Yes,1.0,,,748249.6881780005,release_performance,entertainment_release,Entertainment release or performance market with production / distribution information asymmetry.,
211946,will-drake-release-iceman-by,Will Drake release Iceman by...?,1386213,"Will Drake officially release Iceman by March 31, 2026?",will-drake-officially-release-iceman-by-march-31-2026,0xf66ffc552a145bb25b7745b513d3f11a43646ae22868338b36ba6eb6c7909eae,,release_performance,100,pop-culture|music|album|drake|iceman,2026-02-16T20:24:00.824293Z,2026-04-30T00:00:00Z,2026-04-01 09:51:57+00,True,True,False,74220.327961,0.0,Yes|No,No,1.0,,,748249.6881780005,release_performance,entertainment_release,Entertainment release or performance market with production / distribution information asymmetry.,
211946,will-drake-release-iceman-by,Will Drake release Iceman by...?,1909608,"Will Drake officially release Iceman by May 31, 2026?",will-drake-officially-release-iceman-by-may-31-2026-647-124,0x9b2492bc9651044a3ef44aec558b6530b42e1de27a8290e0b09a9d4383e38f5f,,release_performance,100,pop-culture|music|album|drake|iceman,2026-04-08T20:12:31.558Z,2026-04-30T00:00:00Z,2026-05-15 06:15:44+00,True,True,False,127290.45902899983,0.0,Yes|No,Yes,1.0,,,748249.6881780005,release_performance,entertainment_release,Entertainment release or performance market with production / distribution information asymmetry.,
283520,will-olivia-rodrigo-announce-a-new-album-by,Will Olivia Rodrigo announce a new album by...?,1640921,Will Olivia Rodrigo announce a new album by April 30?,will-olivia-rodrigo-announce-a-new-album-by-april-30,0x881df4c76e228f2938f018cbd7ec834838ce8bdabda52a7abd98d06d0e13d6f8,,release_performance,100,pop-culture|music,2026-03-18T21:11:56.621175Z,2026-04-30T00:00:00Z,2026-04-03 01:41:21+00,True,True,False,60209.11610099999,0.0,Yes|No,Yes,1.0,,,86778.547777,release_performance,entertainment_release,Entertainment release or performance market with production / distribution information asymmetry.,
63123,taylor-swift-songs-in-billboard-hot-100-top-10-for-the-week-of-november-1st,How many Taylor Swift songs in Billboard Top 10 for the week of Nov 1st?,642961,"Will Taylor Swift hold 6 or more spots in the Billboard Hot 100 Top 10 for the week of November 1, 2025?",will-taylor-swift-hold-6-or-more-spots-in-the-billboard-hot-100-top-10-for-the-week-of-november-1-2025,0x87f7d6635ebc4ad941aace2ec5058184171a7a05871cbf351fcbbaf66900aa4a,,release_performance,100,taylor-swift|music|celebrities|pop-culture,2025-10-21T21:44:15.94867Z,2025-11-01T00:00:00Z,2025-10-27 22:34:15+00,True,True,False,64509.14595,0.0,Yes|No,No,1.0,,,185720.843744,release_performance,music_streaming_rank,Music or streaming chart market with measurable public and industry data.,
63123,taylor-swift-songs-in-billboard-hot-100-top-10-for-the-week-of-november-1st,How many Taylor Swift songs in Billboard Top 10 for the week of Nov 1st?,642958,"Will Taylor Swift hold less than 4 spots in the Billboard Hot 100 Top 10 for the week of November 1, 2025?",will-taylor-swift-hold-less-than-4-spots-in-the-billboard-hot-100-top-10-for-the-week-of-november-1-2025,0xa5ba10f247c0c9a233b2e0437a1187f0974717d340a691122acc157027f889c3,,release_performance,100,taylor-swift|music|celebrities|pop-culture,2025-10-21T21:44:13.1005Z,2025-11-01T00:00:00Z,2025-10-27 22:48:59+00,True,True,False,65978.011379,0.0,Yes|No,No,1.0,,,185720.843744,release_performance,music_streaming_rank,Music or streaming chart market with measurable public and industry data.,
98335,will-spotifys-top-song-on-december-25-be-all-i-want-for-christmas-is-you,Will Spotify's top song on Christmas be 'All I Want For Christmas Is You'?,839968,Will Spotify's top song on Christmas be 'All I Want For Christmas Is You'?,will-spotifys-top-song-on-december-25-be-all-i-want-for-christmas-is-you,0x7208203a0fe65b589f2c72dd65a55ad2a7ac505b961bf645db38111a65b1100d,,release_performance,100,music|pop-culture|christmas,2025-12-05T23:54:01.76Z,2025-12-25T00:00:00Z,2025-12-25 20:59:03+00,True,True,False,1387397.593509,0.0,Yes|No,Yes,1.0,,,1387397.593509,release_performance,music_streaming_rank,Music or streaming chart market with measurable public and industry data.,
111963,1-song-on-spotify-this-week-december-25,#1 song on Spotify this week? (December 26),972969,Will All I Want For Christmas Is You - Mariah Carey be the #1 song on Spotify this week?,will-all-i-want-for-christmas-is-you-mariah-carey-be-the-1-song-on-spotify-this-week-393,0x9301cab840b1a7901d9ae5713bd1a3e9bdee1198ea1f3828d16a90fa0c6c78ab,,release_performance,100,music|pop-culture|spotify,2025-12-19T22:46:40.708Z,2025-12-26T00:00:00Z,2025-12-26 17:42:55+00,True,True,False,122382.304203,0.0,Yes|No,No,1.0,,,400553.310408,release_performance,music_streaming_rank,Music or streaming chart market with measurable public and industry data.,
111963,1-song-on-spotify-this-week-december-25,#1 song on Spotify this week? (December 26),972970,Will Last Christmas - Wham! be the #1 song on Spotify this week?,will-last-christmas-wham-be-the-1-song-on-spotify-this-week-147,0x7fd6076241cf4ab0e5e255a18de253c00087902f0d68eb14bfe70290d01d4128,,release_performance,100,music|pop-culture|spotify,2025-12-19T22:46:40.454Z,2025-12-26T00:00:00Z,2025-12-26 17:46:43+00,True,True,False,128796.60585,0.0,Yes|No,Yes,1.0,,,400553.310408,release_performance,music_streaming_rank,Music or streaming chart market with measurable public and industry data.,
111963,1-song-on-spotify-this-week-december-25,#1 song on Spotify this week? (December 26),972968,Will The Fate of Ophelia - Taylor Swift be the #1 song on Spotify this week?,will-the-fate-of-ophelia-taylor-swift-be-the-1-song-on-spotify-this-week-258,0xd30b335573b59df82a68cd6f67cd664c83f1cb67a0048e3cfac41a6c8fce2081,,release_performance,100,music|pop-culture|spotify,2025-12-19T22:46:40.199Z,2025-12-26T00:00:00Z,2025-12-26 17:40:57+00,True,True,False,66762.919281,0.0,Yes|No,No,1.0,,,400553.310408,release_performance,music_streaming_rank,Music or streaming chart market with measurable public and industry data.,
37131,will-a-new-taylor-swift-album-debut-at-1-in-its-first-week-by-december-31,"Taylor Swift's ""The Life of a Showgirl"" debuts at #1?",575082,"Taylor Swift's ""The Life of a Showgirl"" debuts at #1?",will-a-new-taylor-swift-album-debut-at-1-in-its-first-week-by-december-31,0x0ff6a7cb233fc32e1a94198391595ac2140310a231bb4a569095e55e01e5e09b,,release_performance,100,music|pop-culture|taylor-swift,2025-08-12T16:00:12.135145Z,2025-12-31T00:00:00Z,2025-10-14 15:22:45+00,True,True,False,1691538.809948,0.0,Yes|No,Yes,1.0,,0x12556B40f1599A44D0d1E51749F2E76641323342,1691538.809948,release_performance,music_streaming_rank,Music or streaming chart market with measurable public and industry data.,
79034,top-spotify-song-2025,Top Spotify Song 2025,676683,Will Abracadabra by Lady Gaga be the most streamed song globally on Spotify for 2025?,will-abracadabra-by-lady-gaga-be-the-most-streamed-song-globally-on-spotify-for-2025,0x4b65c297dd997d60046978475c73babfbdcde8648d0a101ea4981c47458727b7,,release_performance,100,music|pop-culture|best-of-2025,2025-11-11T19:34:38.569828Z,2025-12-31T00:00:00Z,2025-12-03 17:09:05+00,True,True,False,262873.374483,0.0,Yes|No,No,1.0,,,3139746.426278,release_performance,music_streaming_rank,Music or streaming chart market with measurable public and industry data.,
79112,2-most-streamed-spotify-artist-2025,#2 Most Streamed Spotify Artist 2025,677054,Will Ariana Grande be the second most streamed Spotify artist for 2025?,will-ariana-grande-be-the-second-most-streamed-spotify-artist-for-2025,0x0a95049dc388ca5118c76e3cb3c338d09596935bb781aef814df5f7fd120dcc6,,release_performance,100,music|pop-culture,2025-11-11T21:33:43.453096Z,2025-12-31T00:00:00Z,2025-12-03 16:48:37+00,True,True,False,515286.826508,0.0,Yes|No,No,1.0,,,2373439.550094,release_performance,music_streaming_rank,Music or streaming chart market with measurable public and industry data.,
79118,3-most-streamed-spotify-artist-2025,#3 Most Streamed Spotify Artist 2025,677098,Will Ariana Grande be the third most streamed Spotify artist for 2025?,will-ariana-grande-be-the-third-most-streamed-spotify-artist-for-2025,0xc20f3157ac657531fbc57a060fdd3e0e356a1054fdc794fda8f69760108bf566,,release_performance,100,music|pop-culture,2025-11-11T21:40:11.687081Z,2025-12-31T00:00:00Z,2025-12-03 17:08:37+00,True,True,False,323387.468654,0.0,Yes|No,No,1.0,,,3566091.074975,release_performance,music_streaming_rank,Music or streaming chart market with measurable public and industry data.,
35754,top-spotify-artist-2025-146,Top Spotify Artist 2025,572178,Will Ariana Grande be the top Spotify artist for 2025?,will-ariana-grande-be-the-top-spotify-artist-for-2025-653,0xc04bca7f2f6881dbc37e007f7c14813d77d55e0d6663c27ee42b60f7bac8f1d2,,release_performance,100,pop-culture|music|best-of-2025,2025-08-05T00:25:07.405Z,2025-12-31T00:00:00Z,2025-12-03 16:44:29+00,True,True,False,6857192.441319,0.0,Yes|No,No,1.0,,,89974150.743188,release_performance,music_streaming_rank,Music or streaming chart market with measurable public and industry data.,
79034,top-spotify-song-2025,Top Spotify Song 2025,676677,Will BAILE INoLVIDABLE by Bad Bunny be the most streamed song globally on Spotify for 2025?,will-baile-inolvidable-by-bad-bunny-be-the-most-streamed-song-globally-on-spotify-for-2025,0x11992ff938f88d7b06c2d04b4c34f6eda8dff91daf558c01eae48734b1fb46cf,,release_performance,100,music|pop-culture|best-of-2025,2025-11-11T19:34:35.822624Z,2025-12-31T00:00:00Z,2025-12-03 17:09:07+00,True,True,False,270734.8285,0.0,Yes|No,No,1.0,,,3139746.426278,release_performance,music_streaming_rank,Music or streaming chart market with measurable public and industry data.,
79034,top-spotify-song-2025,Top Spotify Song 2025,676686,Will BIRDS OF A FEATHER by Billie Eilish be the most streamed song globally on Spotify for 2025?,will-birds-of-a-feather-by-billie-eilish-be-the-most-streamed-song-globally-on-spotify-for-2025,0x7bbe3ca57a3e7781bf008e5f1b5e68da75c9bc607cc6da589db967e2c2d6802b,,release_performance,100,music|pop-culture|best-of-2025,2025-11-11T19:34:38.828Z,2025-12-31T00:00:00Z,2025-12-03 17:09:05+00,True,True,False,97449.132523,0.0,Yes|No,No,1.0,,,3139746.426278,release_performance,music_streaming_rank,Music or streaming chart market with measurable public and industry data.,
79112,2-most-streamed-spotify-artist-2025,#2 Most Streamed Spotify Artist 2025,677055,Will Bad Bunny be the second most streamed Spotify artist for 2025?,will-bad-bunny-be-the-second-most-streamed-spotify-artist-for-2025,0x3c7897078935c139abc79fcfa713863240f2edbc5af59fce3ad73f685d8b67b8,,release_performance,100,music|pop-culture,2025-11-11T21:33:43.197512Z,2025-12-31T00:00:00Z,2025-12-03 16:48:37+00,True,True,False,125811.204424,0.0,Yes|No,No,1.0,,,2373439.550094,release_performance,music_streaming_rank,Music or streaming chart market with measurable public and industry data.,
79118,3-most-streamed-spotify-artist-2025,#3 Most Streamed Spotify Artist 2025,677099,Will Bad Bunny be the third most streamed Spotify artist for 2025?,will-bad-bunny-be-the-third-most-streamed-spotify-artist-for-2025,0x2c3868656ee3f34b4346bffcff617fc3435301928b0dee8187f19efda487c518,,release_performance,100,music|pop-culture,2025-11-11T21:40:12.198184Z,2025-12-31T00:00:00Z,2025-12-03 16:55:47+00,True,True,False,130591.508146,0.0,Yes|No,No,1.0,,,3566091.074975,release_performance,music_streaming_rank,Music or streaming chart market with measurable public and industry data.,
35754,top-spotify-artist-2025-146,Top Spotify Artist 2025,572179,Will Bad Bunny be the top Spotify artist for 2025?,will-bad-bunny-be-the-top-spotify-artist-for-2025-735,0xfccc16f3bba1210d40db55ee1b71c741be5b14dc3512aba5dc32de5c6e0c4bde,,release_performance,100,pop-culture|music|best-of-2025,2025-08-05T00:25:09.74Z,2025-12-31T00:00:00Z,2025-12-03 16:43:33+00,True,True,False,2848029.157291,0.0,Yes|No,Yes,1.0,,,89974150.743188,release_performance,music_streaming_rank,Music or streaming chart market with measurable public and industry data.,
79118,3-most-streamed-spotify-artist-2025,#3 Most Streamed Spotify Artist 2025,677100,Will Billie Eilish be the third most streamed Spotify artist for 2025?,will-billie-eilish-be-the-third-most-streamed-spotify-artist-for-2025,0x971488a466f50855b7a1de9d427085cfb76ac5a24cc7fcb58e00e4f210756c43,,release_performance,100,music|pop-culture,2025-11-11T21:40:11.942639Z,2025-12-31T00:00:00Z,2025-12-03 16:55:49+00,True,True,False,466373.559711,0.0,Yes|No,No,1.0,,,3566091.074975,release_performance,music_streaming_rank,Music or streaming chart market with measurable public and industry data.,
35754,top-spotify-artist-2025-146,Top Spotify Artist 2025,572180,Will Billie Eilish be the top Spotify artist for 2025?,will-billie-eilish-be-the-top-spotify-artist-for-2025-459,0x2a34915c245f4b94976dda8afddb56452caf0ba2307500f78d7f08813d467917,,release_performance,100,pop-culture|music|best-of-2025,2025-08-05T00:25:09.483Z,2025-12-31T00:00:00Z,2025-12-03 16:44:29+00,True,True,False,16179129.9501,0.0,Yes|No,No,1.0,,,89974150.743188,release_performance,music_streaming_rank,Music or streaming chart market with measurable public and industry data.,
79112,2-most-streamed-spotify-artist-2025,#2 Most Streamed Spotify Artist 2025,677063,Will Bruno Mars be the second most streamed Spotify artist for 2025?,will-bruno-mars-be-the-second-most-streamed-spotify-artist-for-2025,0x66e77c95e31d3f8132fb4a20b6558967ecf224b87161bf8b8fb97f65a07d10b5,,release_performance,100,music|pop-culture,2025-11-11T21:33:47.112625Z,2025-12-31T00:00:00Z,2025-12-03 16:50:41+00,True,True,False,283077.794682,0.0,Yes|No,No,1.0,,,2373439.550094,release_performance,music_streaming_rank,Music or streaming chart market with measurable public and industry data.,
79118,3-most-streamed-spotify-artist-2025,#3 Most Streamed Spotify Artist 2025,677111,Will Bruno Mars be the third most streamed Spotify artist for 2025?,will-bruno-mars-be-the-third-most-streamed-spotify-artist-for-2025,0xdf3f0366a59ac26ecb5b740de619225ac0ba7dfc9985fb182016283c09bb976b,,release_performance,100,music|pop-culture,2025-11-11T21:40:15.86196Z,2025-12-31T00:00:00Z,2025-12-03 17:09:17+00,True,True,False,543853.146571,0.0,Yes|No,No,1.0,,,3566091.074975,release_performance,music_streaming_rank,Music or streaming chart market with measurable public and industry data.,
35754,top-spotify-artist-2025-146,Top Spotify Artist 2025,572187,Will Bruno Mars be the top Spotify artist for 2025?,will-bruno-mars-be-the-top-spotify-artist-for-2025-522,0x099952efaf314cb44fcc6179e1fd8ca309e473f7dd924e980a381b70648f2887,,release_performance,100,pop-culture|music|best-of-2025,2025-08-05T00:25:17.671Z,2025-12-31T00:00:00Z,2025-12-03 16:42:35+00,True,True,False,13481205.344928,0.0,Yes|No,No,1.0,,,89974150.743188,release_performance,music_streaming_rank,Music or streaming chart market with measurable public and industry data.,
35754,top-spotify-artist-2025-146,Top Spotify Artist 2025,572191,Will Chris Brown be the top Spotify artist for 2025?,will-chris-brown-be-the-top-spotify-artist-for-2025,0xeacb8bffca4200fbb4e19da2e6e6fb04ceeb88ccaa7cfe48bc44d1119b5148b3,,release_performance,100,pop-culture|music|best-of-2025,2025-08-05T00:25:21.574Z,2025-12-31T00:00:00Z,2025-12-03 16:59:51+00,True,True,False,78317.025,0.0,Yes|No,No,1.0,,,89974150.743188,release_performance,music_streaming_rank,Music or streaming chart market with measurable public and industry data.,
35754,top-spotify-artist-2025-146,Top Spotify Artist 2025,572189,Will Coldplay be the top Spotify artist for 2025?,will-coldplay-be-the-top-spotify-artist-for-2025,0xf411ada563d621dd96093bd1754a3a9be2ab0604335b9875ce1011dfde9aab4d,,release_performance,100,pop-culture|music|best-of-2025,2025-08-05T00:25:19.52Z,2025-12-31T00:00:00Z,2025-12-03 16:58:47+00,True,True,False,7287869.917,0.0,Yes|No,No,1.0,,,89974150.743188,release_performance,music_streaming_rank,Music or streaming chart market with measurable public and industry data.,
53297,top-spotify-album-2025,Top Spotify Album 2025,620303,Will DeBÍ TiRAR MáS FOToS by Bad Bunny be the top Spotify album for 2025?,will-deb-tirar-ms-fotos-by-bad-bunny-be-the-top-spotify-album-for-2025,0x10da1f0e05be2792f452f7b9f05775f7adce24917d6855b1fe962df2b5b9331b,,release_performance,100,pop-culture|music|best-of-2025,2025-10-03T14:53:26.724101Z,2025-12-31T00:00:00Z,2025-12-03 16:56:51+00,True,True,False,89109.953837,0.0,Yes|No,Yes,1.0,,,2780496.608976,release_performance,music_streaming_rank,Music or streaming chart market with measurable public and industry data.,
79034,top-spotify-song-2025,Top Spotify Song 2025,676685,Will Die With a Smile by Lady Gaga and Bruno Mars be the most streamed song globally on Spotify for 2025?,will-die-with-a-smile-by-lady-gaga-and-bruno-mars-be-the-most-streamed-song-globally-on-spotify-for-2025,0x0ac102883e43883b0d5e359882a29317b28bee96cc5019ea69bc37cc684a5178,,release_performance,100,music|pop-culture|best-of-2025,2025-11-11T19:34:37.803Z,2025-12-31T00:00:00Z,2025-12-03 17:09:15+00,True,True,False,58753.740767,0.0,Yes|No,Yes,1.0,,,3139746.426278,release_performance,music_streaming_rank,Music or streaming chart market with measurable public and industry data.,
79034,top-spotify-song-2025,Top Spotify Song 2025,676682,Will Don’t Say You Love Me by Jin be the most streamed song globally on Spotify for 2025?,will-dont-say-you-love-me-by-jin-be-the-most-streamed-song-globally-on-spotify-for-2025,0xcecfc29d17b92cb8c8c29774269030931bb8b8a5a31da7d1ca1e93a1c939aae5,,release_performance,100,music|pop-culture|best-of-2025,2025-11-11T19:34:36.587529Z,2025-12-31T00:00:00Z,2025-12-03 17:08:59+00,True,True,False,200387.06236,0.0,Yes|No,No,1.0,,,3139746.426278,release_performance,music_streaming_rank,Music or streaming chart market with measurable public and industry data.,
79112,2-most-streamed-spotify-artist-2025,#2 Most Streamed Spotify Artist 2025,677057,Will Drake be the second most streamed Spotify artist for 2025?,will-drake-be-the-second-most-streamed-spotify-artist-for-2025,0xa3c108db31d39bd0e057d1c5901870b19973af17369c787b145e50e618a81cff,,release_performance,100,music|pop-culture,2025-11-11T21:33:45.384435Z,2025-12-31T00:00:00Z,2025-12-03 16:49:37+00,True,True,False,405406.017882,0.0,Yes|No,No,1.0,,,2373439.550094,release_performance,music_streaming_rank,Music or streaming chart market with measurable public and industry data.,
79118,3-most-streamed-spotify-artist-2025,#3 Most Streamed Spotify Artist 2025,677101,Will Drake be the third most streamed Spotify artist for 2025?,will-drake-be-the-third-most-streamed-spotify-artist-for-2025,0x947d1021c37d975fb9a2f81d9b7da2579dd6cbf18d9c1e147e7a8f95480cd01a,,release_performance,100,music|pop-culture,2025-11-11T21:40:13.050267Z,2025-12-31T00:00:00Z,2025-12-03 16:56:51+00,True,True,False,339625.327524,0.0,Yes|No,No,1.0,,,3566091.074975,release_performance,music_streaming_rank,Music or streaming chart market with measurable public and industry data.,
35754,top-spotify-artist-2025-146,Top Spotify Artist 2025,572181,Will Drake be the top Spotify artist for 2025?,will-drake-be-the-top-spotify-artist-for-2025-681,0xce40c461a55895fb30e24da5d3b5e01c3e5ef3897808f0ccfd4d7a9fc420c7ca,,release_performance,100,pop-culture|music|best-of-2025,2025-08-05T00:25:11.439Z,2025-12-31T00:00:00Z,2025-12-03 16:40:35+00,True,True,False,4854685.253989,0.0,Yes|No,No,1.0,,,89974150.743188,release_performance,music_streaming_rank,Music or streaming chart market with measurable public and industry data.,
56212,will-drakes-next-album-debut-no1-on-billboard-200,Will Drake's next album debut No.1 on Billboard 200?,626986,Will Drake's next album debut No.1 on Billboard 200?,will-drakes-next-album-debut-no1-on-billboard-200,0x418c6dd1e5aae3d4efa2fd37fc4fd59b5fb0136a8af7f4583c21a3f95f0ae85c,,release_performance,100,music|iceman|pop-culture|drake,2025-10-08T15:25:22.291012Z,2025-12-31T00:00:00Z,2026-01-01 08:48:51+00,True,True,False,55686.734846,0.0,Yes|No,No,1.0,,,55686.734846,release_performance,music_streaming_rank,Music or streaming chart market with measurable public and industry data.,
79034,top-spotify-song-2025,Top Spotify Song 2025,676675,Will DtMF by Bad Bunny be the most streamed song globally on Spotify for 2025?,will-dtmf-by-bad-bunny-be-the-most-streamed-song-globally-on-spotify-for-2025,0xa8bc1ef6fe8238159d70e0ff55541d543c5555d3fa0424dcd839a97bdd3f7a7f,,release_performance,100,music|pop-culture|best-of-2025,2025-11-11T19:34:34.652635Z,2025-12-31T00:00:00Z,2025-12-03 17:09:07+00,True,True,False,399875.809635,0.0,Yes|No,No,1.0,,,3139746.426278,release_performance,music_streaming_rank,Music or streaming chart market with measurable public and industry data.,
35754,top-spotify-artist-2025-146,Top Spotify Artist 2025,572193,Will Dua Lipa be the top Spotify artist for 2025?,will-dua-lipa-be-the-top-spotify-artist-for-2025,0x187827e8c0c9986f81c3afb518ff4b1f057543f67ce45287db41422f6485bcda,,release_performance,100,pop-culture|music|best-of-2025,2025-08-05T00:25:22.083Z,2025-12-31T00:00:00Z,2025-12-03 16:59:53+00,True,True,False,147153.31,0.0,Yes|No,No,1.0,,,89974150.743188,release_performance,music_streaming_rank,Music or streaming chart market with measurable public and industry data.,
79118,3-most-streamed-spotify-artist-2025,#3 Most Streamed Spotify Artist 2025,677102,Will Ed Sheeran be the third most streamed Spotify artist for 2025?,will-ed-sheeran-be-the-third-most-streamed-spotify-artist-for-2025,0xf424b707f4ea232d850fb9e0abb864b5df4a065cee598da098a30029e213eb80,,release_performance,100,music|pop-culture,2025-11-11T21:40:13.30567Z,2025-12-31T00:00:00Z,2025-12-03 17:09:21+00,True,True,False,287692.070883,0.0,Yes|No,No,1.0,,,3566091.074975,release_performance,music_streaming_rank,Music or streaming chart market with measurable public and industry data.,
35754,top-spotify-artist-2025-146,Top Spotify Artist 2025,572182,Will Ed Sheeran be the top Spotify artist for 2025?,will-ed-sheeran-be-the-top-spotify-artist-for-2025-455,0xed4ac47e2d2845f7b4e65a31487a9185cecfaef7e538ac5036142c2b10291925,,release_performance,100,pop-culture|music|best-of-2025,2025-08-05T00:25:11.703Z,2025-12-31T00:00:00Z,2025-12-03 16:42:35+00,True,True,False,12168485.412909,0.0,Yes|No,No,1.0,,,89974150.743188,release_performance,music_streaming_rank,Music or streaming chart market with measurable public and industry data.,
79112,2-most-streamed-spotify-artist-2025,#2 Most Streamed Spotify Artist 2025,677061,Will Eminem be the second most streamed Spotify artist for 2025?,will-eminem-be-the-second-most-streamed-spotify-artist-for-2025,0xa0f0db21f3149055479191d0c9ac4267933eb789dcb04498812d2cfc4a6afb60,,release_performance,100,music|pop-culture,2025-11-11T21:33:45.129072Z,2025-12-31T00:00:00Z,2025-12-03 16:51:39+00,True,True,False,148880.172213,0.0,Yes|No,No,1.0,,,2373439.550094,release_performance,music_streaming_rank,Music or streaming chart market with measurable public and industry data.,
79118,3-most-streamed-spotify-artist-2025,#3 Most Streamed Spotify Artist 2025,677107,Will Eminem be the third most streamed Spotify artist for 2025?,will-eminem-be-the-third-most-streamed-spotify-artist-for-2025,0x6705e9d51ea4d02b87a0fc7c0806d6d7e64ae5e084188c27066418d9572a2540,,release_performance,100,music|pop-culture,2025-11-11T21:40:13.5612Z,2025-12-31T00:00:00Z,2025-12-03 16:58:45+00,True,True,False,437222.430911,0.0,Yes|No,No,1.0,,,3566091.074975,release_performance,music_streaming_rank,Music or streaming chart market with measurable public and industry data.,
35754,top-spotify-artist-2025-146,Top Spotify Artist 2025,572185,Will Eminem be the top Spotify artist for 2025?,will-eminem-be-the-top-spotify-artist-for-2025-915,0x23b63fa147a0fa4ea0869c83885fd1dfde6830981790984634efb72620a47975,,release_performance,100,pop-culture|music|best-of-2025,2025-08-05T00:25:15.352Z,2025-12-31T00:00:00Z,2025-12-03 16:41:37+00,True,True,False,2998536.13705,0.0,Yes|No,No,1.0,,,89974150.743188,release_performance,music_streaming_rank,Music or streaming chart market with measurable public and industry data.,
79034,top-spotify-song-2025,Top Spotify Song 2025,676680,Will EoO by Bad Bunny be the most streamed song globally on Spotify for 2025?,will-eoo-by-bad-bunny-be-the-most-streamed-song-globally-on-spotify-for-2025,0x1689771a0383992ecfb868995acb8e175b9cf1b2aae21237cd94e99a79c3ffcb,,release_performance,100,music|pop-culture|best-of-2025,2025-11-11T19:34:35.567467Z,2025-12-31T00:00:00Z,2025-12-03 17:09:05+00,True,True,False,348449.928142,0.0,Yes|No,No,1.0,,,3139746.426278,release_performance,music_streaming_rank,Music or streaming chart market with measurable public and industry data.,
53297,top-spotify-album-2025,Top Spotify Album 2025,620304,Will GNX by Kendrick Lamar be the top Spotify album for 2025?,will-gnx-by-kendrick-lamar-be-the-top-spotify-album-for-2025,0x8e4e38b7766a4d11a6984ea82811b8b7e588deba34c59cbb21e8f5d0bd5e0c2d,,release_performance,100,pop-culture|music|best-of-2025,2025-10-03T14:53:29.778067Z,2025-12-31T00:00:00Z,2025-12-03 16:54:43+00,True,True,False,292722.272436,0.0,Yes|No,No,1.0,,,2780496.608976,release_performance,music_streaming_rank,Music or streaming chart market with measurable public and industry data.,
79034,top-spotify-song-2025,Top Spotify Song 2025,676676,Will Golden by HUNTR/X be the most streamed song globally on Spotify for 2025?,will-golden-by-huntrx-be-the-most-streamed-song-globally-on-spotify-for-2025,0x69167e47a4b801acc72bb64b959fd39b3afcc5055e0ee59ec8e054004c21ac77,,release_performance,100,music|pop-culture|best-of-2025,2025-11-11T19:34:33.317828Z,2025-12-31T00:00:00Z,2025-12-03 17:09:09+00,True,True,False,78993.034134,0.0,Yes|No,No,1.0,,,3139746.426278,release_performance,music_streaming_rank,Music or streaming chart market with measurable public and industry data.,
53297,top-spotify-album-2025,Top Spotify Album 2025,620311,Will Hurry Up Tomorrow by The Weeknd be the top Spotify album for 2025?,will-hurry-up-tomorrow-by-the-weeknd-be-the-top-spotify-album-for-2025,0x03d3839eb403fbde216419f55e7a6ed688653813266e67c29f14f9b0e69c76ba,,release_performance,100,pop-culture|music|best-of-2025,2025-10-03T14:53:34.799811Z,2025-12-31T00:00:00Z,2025-12-03 16:56:51+00,True,True,False,651100.063157,0.0,Yes|No,No,1.0,,,2780496.608976,release_performance,music_streaming_rank,Music or streaming chart market with measurable public and industry data.,
53297,top-spotify-album-2025,Top Spotify Album 2025,620302,Will I'm The Problem by Morgan Wallen be the top Spotify album for 2025?,will-im-the-problem-by-morgan-wallen-be-the-top-spotify-album-for-2025,0x694c3ad105f34755691f7995ff66bd094b0aa07b5b2c7cbef383516aee205186,,release_performance,100,pop-culture|music|best-of-2025,2025-10-03T14:53:26.978208Z,2025-12-31T00:00:00Z,2025-12-03 16:53:41+00,True,True,False,53321.666143,0.0,Yes|No,No,1.0,,,2780496.608976,release_performance,music_streaming_rank,Music or streaming chart market with measurable public and industry data.,
79112,2-most-streamed-spotify-artist-2025,#2 Most Streamed Spotify Artist 2025,677062,Will Justin Bieber be the second most streamed Spotify artist for 2025?,will-justin-bieber-be-the-second-most-streamed-spotify-artist-for-2025,0x0c28736017aa6a1c4433ad4df200539f4660b5120f1b4cd607e4080e77a00a6d,,release_performance,100,music|pop-culture,2025-11-11T21:33:47.880749Z,2025-12-31T00:00:00Z,2025-12-03 16:51:39+00,True,True,False,70600.529099,0.0,Yes|No,No,1.0,,,2373439.550094,release_performance,music_streaming_rank,Music or streaming chart market with measurable public and industry data.,
79118,3-most-streamed-spotify-artist-2025,#3 Most Streamed Spotify Artist 2025,677108,Will Justin Bieber be the third most streamed Spotify artist for 2025?,will-justin-bieber-be-the-third-most-streamed-spotify-artist-for-2025,0x316fcd2f6ebebeac00801a188992f518b57757453b6fbc00d0c926d9ffba2803,,release_performance,100,music|pop-culture,2025-11-11T21:40:13.815657Z,2025-12-31T00:00:00Z,2025-12-03 17:09:15+00,True,True,False,275528.8246,0.0,Yes|No,No,1.0,,,3566091.074975,release_performance,music_streaming_rank,Music or streaming chart market with measurable public and industry data.,
35754,top-spotify-artist-2025-146,Top Spotify Artist 2025,572186,Will Justin Bieber be the top Spotify artist for 2025?,will-justin-bieber-be-the-top-spotify-artist-for-2025-354,0x4e32072a5aa4f047d78e65f176075d4847fbb321c171a52a6366035090b789c4,,release_performance,100,pop-culture|music|best-of-2025,2025-08-05T00:25:15.607Z,2025-12-31T00:00:00Z,2025-12-03 16:43:35+00,True,True,False,6329477.288817,0.0,Yes|No,No,1.0,,,89974150.743188,release_performance,music_streaming_rank,Music or streaming chart market with measurable public and industry data.,
53297,top-spotify-album-2025,Top Spotify Album 2025,620310,Will KPop Demon Hunters (Soundtrack from the Netflix Film) by KPop Demon Hunters Cast be the top Spotify album for 2025?,will-kpop-demon-hunters-soundtrack-from-the-netflix-film-by-kpop-demon-hunters-cast-be-the-top-spotify-album-for-2025,0x0f612bfaece8498f744fcdf8cb93a6cbd7a2e9cd118dbccb5e728fadf2bc3dd7,,release_performance,100,pop-culture|music|best-of-2025,2025-10-03T14:53:35.053778Z,2025-12-31T00:00:00Z,2025-12-03 16:56:51+00,True,True,False,357793.883208,0.0,Yes|No,No,1.0,,,2780496.608976,release_performance,music_streaming_rank,Music or streaming chart market with measurable public and industry data.,
35754,top-spotify-artist-2025-146,Top Spotify Artist 2025,572188,Will Kendrick Lamar be the top Spotify artist for 2025?,will-kendrick-lamar-be-the-top-spotify-artist-for-2025,0x0c4d91aed42846e9b50bb9b5bd2eb1c4160d721ef39529f209bc3c37b17ad601,,release_performance,100,pop-culture|music|best-of-2025,2025-08-05T00:25:17.418Z,2025-12-31T00:00:00Z,2025-12-03 16:57:47+00,True,True,False,1534195.148362,0.0,Yes|No,No,1.0,,,89974150.743188,release_performance,music_streaming_rank,Music or streaming chart market with measurable public and industry data.,
53297,top-spotify-album-2025,Top Spotify Album 2025,620307,Will Man's Best Friend by Sabrina Carpenter be the top Spotify album for 2025?,will-mans-best-friend-by-sabrina-carpenter-be-the-top-spotify-album-for-2025,0x8249f921f1192eedbc38587da6a3718782567efed441192370605d7dad55b1e0,,release_performance,100,pop-culture|music|best-of-2025,2025-10-03T14:53:31.715378Z,2025-12-31T00:00:00Z,2025-12-03 16:55:49+00,True,True,False,96733.639459,0.0,Yes|No,No,1.0,,,2780496.608976,release_performance,music_streaming_rank,Music or streaming chart market with measurable public and industry data.,
53297,top-spotify-album-2025,Top Spotify Album 2025,620305,Will Mayhem by Lady Gaga be the top Spotify album for 2025?,will-mayhem-by-lady-gaga-be-the-top-spotify-album-for-2025,0x9ca2a27ec7dd804708637aa4d8b97a1b221a0717431e0b220b32b07e3eed2db4,,release_performance,100,pop-culture|music|best-of-2025,2025-10-03T14:53:30.032222Z,2025-12-31T00:00:00Z,2025-12-03 16:54:45+00,True,True,False,404285.460444,0.0,Yes|No,No,1.0,,,2780496.608976,release_performance,music_streaming_rank,Music or streaming chart market with measurable public and industry data.,
53297,top-spotify-album-2025,Top Spotify Album 2025,620306,Will Music by Playboi Carti be the top Spotify album for 2025?,will-music-by-playboi-carti-be-the-top-spotify-album-for-2025,0x89e1186db0d4a7cb29f9e9cfa67e432429b37bfaa5872211cfe6697a73df521c,,release_performance,100,pop-culture|music|best-of-2025,2025-10-03T14:53:31.969245Z,2025-12-31T00:00:00Z,2025-12-03 16:54:43+00,True,True,False,231325.280893,0.0,Yes|No,No,1.0,,,2780496.608976,release_performance,music_streaming_rank,Music or streaming chart market with measurable public and industry data.,
79034,top-spotify-song-2025,Top Spotify Song 2025,676679,Will NUEVAYoL by Bad Bunny be the most streamed song globally on Spotify for 2025?,will-nuevayol-by-bad-bunny-be-the-most-streamed-song-globally-on-spotify-for-2025,0x9f0c890ca1b2a1cb134437c8081cc9aa16c09df992119df026dc6f97d3187422,,release_performance,100,music|pop-culture|best-of-2025,2025-11-11T19:34:36.332398Z,2025-12-31T00:00:00Z,2025-12-03 17:09:09+00,True,True,False,329304.299751,0.0,Yes|No,No,1.0,,,3139746.426278,release_performance,music_streaming_rank,Music or streaming chart market with measurable public and industry data.,
81653,3rd-most-streamed-spotify-song-2025,3rd Most Streamed Spotify Song 2025,683104,Will Ordinary by Alex Warren be the 3rd most streamed song globally on Spotify for 2025?,will-ordinary-by-alex-warren-be-the-3rd-most-streamed-song-globally-on-spotify-for-2025,0x974ddd3b7379028f5c2a04c7f65f6da46f6a04dfe798f3e97a8ec9479f6a81e5,,release_performance,100,pop-culture|best-of-2025|music,2025-11-15T01:06:25.710392Z,2025-12-31T00:00:00Z,2025-12-03 16:54:43+00,True,True,False,65561.860148,0.0,Yes|No,No,1.0,,,266487.846437,release_performance,music_streaming_rank,Music or streaming chart market with measurable public and industry data.,
79034,top-spotify-song-2025,Top Spotify Song 2025,676674,Will Ordinary by Alex Warren be the most streamed song globally on Spotify for 2025?,will-ordinary-by-alex-warren-be-the-most-streamed-song-globally-on-spotify-for-2025,0x8aeb38bca427070dd1da061eaa60bed5a462351e85625e27083d5dbc5401b6ab,,release_performance,100,music|pop-culture|best-of-2025,2025-11-11T19:34:34.397979Z,2025-12-31T00:00:00Z,2025-12-03 16:19:41+00,True,True,False,123437.816211,0.0,Yes|No,No,1.0,,,3139746.426278,release_performance,music_streaming_rank,Music or streaming chart market with measurable public and industry data.,
35754,top-spotify-artist-2025-146,Top Spotify Artist 2025,572192,Will Rihanna be the top Spotify artist for 2025?,will-rihanna-be-the-top-spotify-artist-for-2025,0x5885972189426e11fc0cf4c36afad059301fab049ae75380aee40a1b3958e629,,release_performance,100,pop-culture|music|best-of-2025,2025-08-05T00:25:21.829Z,2025-12-31T00:00:00Z,2025-12-03 16:58:47+00,True,True,False,55225.05,0.0,Yes|No,No,1.0,,,89974150.743188,release_performance,music_streaming_rank,Music or streaming chart market with measurable public and industry data.,
53297,top-spotify-album-2025,Top Spotify Album 2025,620308,Will SOS by SZA be the top Spotify album for 2025?,will-sos-by-sza-be-the-top-spotify-album-for-2025,0x8176fb220cb9e975b8eff07a0991baf7711f53af60795f1d35b15cdd0564f997,,release_performance,100,pop-culture|music|best-of-2025,2025-10-03T14:53:33.98274Z,2025-12-31T00:00:00Z,2025-12-03 16:54:45+00,True,True,False,540313.8515,0.0,Yes|No,No,1.0,,,2780496.608976,release_performance,music_streaming_rank,Music or streaming chart market with measurable public and industry data.,
79112,2-most-streamed-spotify-artist-2025,#2 Most Streamed Spotify Artist 2025,677059,Will Taylor Swift be the second most streamed Spotify artist for 2025?,will-taylor-swift-be-the-second-most-streamed-spotify-artist-for-2025,0x5530784023a1218c416fd815c4f7209abd927dd504b6380d94cfc2146e2bb51f,,release_performance,100,music|pop-culture,2025-11-11T21:33:46.149257Z,2025-12-31T00:00:00Z,2025-12-03 16:49:35+00,True,True,False,114009.366155,0.0,Yes|No,Yes,1.0,,,2373439.550094,release_performance,music_streaming_rank,Music or streaming chart market with measurable public and industry data.,
79118,3-most-streamed-spotify-artist-2025,#3 Most Streamed Spotify Artist 2025,677105,Will Taylor Swift be the third most streamed Spotify artist for 2025?,will-taylor-swift-be-the-third-most-streamed-spotify-artist-for-2025,0x2cb090d7f352cfb265039a90371335c2d715cad301f6c0c3a7af841c80d40576,,release_performance,100,music|pop-culture,2025-11-11T21:40:14.069805Z,2025-12-31T00:00:00Z,2025-12-03 16:58:47+00,True,True,False,390243.559783,0.0,Yes|No,No,1.0,,,3566091.074975,release_performance,music_streaming_rank,Music or streaming chart market with measurable public and industry data.,
35754,top-spotify-artist-2025-146,Top Spotify Artist 2025,572183,Will Taylor Swift be the top Spotify artist for 2025?,will-taylor-swift-be-the-top-spotify-artist-for-2025-654,0x181dc5943f9727ca5d89cb2c692f8654ee616571791892e4e87112188d6a26f9,,release_performance,100,pop-culture|music|best-of-2025,2025-08-05T00:25:13.609Z,2025-12-31T00:00:00Z,2025-12-03 16:43:33+00,True,True,False,2327776.949885,0.0,Yes|No,No,1.0,,,89974150.743188,release_performance,music_streaming_rank,Music or streaming chart market with measurable public and industry data.,
79034,top-spotify-song-2025,Top Spotify Song 2025,676684,Will The Fate of Ophelia by Taylor Swift be the most streamed song globally on Spotify for 2025?,will-the-fate-of-ophelia-by-taylor-swift-be-the-most-streamed-song-globally-on-spotify-for-2025,0xfc7e98c61101861b19bfa71a1ffbc365b34cdcc93dcf28a14dfca973b351df25,,release_performance,100,music|pop-culture|best-of-2025,2025-11-11T19:34:37.548075Z,2025-12-31T00:00:00Z,2025-12-03 17:09:05+00,True,True,False,531497.905381,0.0,Yes|No,No,1.0,,,3139746.426278,release_performance,music_streaming_rank,Music or streaming chart market with measurable public and industry data.,
53297,top-spotify-album-2025,Top Spotify Album 2025,620309,Will The Life of a Showgirl by Taylor Swift be the top Spotify album for 2025?,will-the-life-of-a-showgirl-by-taylor-swift-be-the-top-spotify-album-for-2025,0x0cbb9c5ae1383c90593876615bfb7b1d3d9a4280957dc3fa109f8af214048971,,release_performance,100,pop-culture|music|best-of-2025,2025-10-03T14:53:33.728795Z,2025-12-31T00:00:00Z,2025-12-03 16:56:49+00,True,True,False,63790.537899,0.0,Yes|No,No,1.0,,,2780496.608976,release_performance,music_streaming_rank,Music or streaming chart market with measurable public and industry data.,
79112,2-most-streamed-spotify-artist-2025,#2 Most Streamed Spotify Artist 2025,677060,Will The Weeknd be the second most streamed Spotify artist for 2025?,will-the-weeknd-be-the-second-most-streamed-spotify-artist-for-2025,0xfd5a7d8cb258c7790a9c385d5999aff844108e66edd600f851a11397ede1c73b,,release_performance,100,music|pop-culture,2025-11-11T21:33:45.639535Z,2025-12-31T00:00:00Z,2025-12-03 16:49:35+00,True,True,False,661217.480457,0.0,Yes|No,No,1.0,,,2373439.550094,release_performance,music_streaming_rank,Music or streaming chart market with measurable public and industry data.,
79118,3-most-streamed-spotify-artist-2025,#3 Most Streamed Spotify Artist 2025,677106,Will The Weeknd be the third most streamed Spotify artist for 2025?,will-the-weeknd-be-the-third-most-streamed-spotify-artist-for-2025,0x2a46bac806f455a2fd53322cd830298d2ff86a1a6e40f5133e03786396d5445b,,release_performance,100,music|pop-culture,2025-11-11T21:40:12.795051Z,2025-12-31T00:00:00Z,2025-12-03 17:08:35+00,True,True,False,371573.178192,0.0,Yes|No,Yes,1.0,,,3566091.074975,release_performance,music_streaming_rank,Music or streaming chart market with measurable public and industry data.,
35754,top-spotify-artist-2025-146,Top Spotify Artist 2025,572184,Will The Weeknd be the top Spotify artist for 2025?,will-the-weeknd-be-the-top-spotify-artist-for-2025-773,0x7455e92b9e9c842ca260e65f0d640108223fd9f3430f997472825763654d96c7,,release_performance,100,pop-culture|music|best-of-2025,2025-08-05T00:25:13.341Z,2025-12-31T00:00:00Z,2025-12-03 16:42:35+00,True,True,False,2939382.449538,0.0,Yes|No,No,1.0,,,89974150.743188,release_performance,music_streaming_rank,Music or streaming chart market with measurable public and industry data.,
79034,top-spotify-song-2025,Top Spotify Song 2025,676681,Will VOY A LLeVARTE PA PR by Bad Bunny be the most streamed song globally on Spotify for 2025?,will-voy-a-llevarte-pa-pr-by-bad-bunny-be-the-most-streamed-song-globally-on-spotify-for-2025,0x9cb1e1bac1384e31c24bb2d45011582289b06b43b473527f6e651a72c11b0c74,,release_performance,100,music|pop-culture|best-of-2025,2025-11-11T19:34:36.077392Z,2025-12-31T00:00:00Z,2025-12-03 17:09:03+00,True,True,False,346477.297308,0.0,Yes|No,No,1.0,,,3139746.426278,release_performance,music_streaming_rank,Music or streaming chart market with measurable public and industry data.,
35754,top-spotify-artist-2025-146,Top Spotify Artist 2025,572190,Will Ye be the top Spotify artist for 2025?,will-ye-be-the-top-spotify-artist-for-2025,0x2d41f73f0e31be956ffb2b67b9fde896201cd5e62b2a0e17f03aa752941488eb,,release_performance,100,pop-culture|music|best-of-2025,2025-08-05T00:25:19.775Z,2025-12-31T00:00:00Z,2025-12-03 16:58:47+00,True,True,False,9887489.907,0.0,Yes|No,No,1.0,,,89974150.743188,release_performance,music_streaming_rank,Music or streaming chart market with measurable public and industry data.,
22061,will-gelo-drop-another-billboard-top-100-hit-in-2025,Will GELO drop another Billboard top 100 hit in 2025?,533298,Will GELO drop another Billboard top 100 hit in 2025?,will-gelo-drop-another-billboard-top-100-hit-in-2025,0xf9360a888da4c9d3ffa3576068b5be8115a07bb6a3a92d36ff159b6c9ced6d5f,,release_performance,100,pop-culture|music,2025-04-02T14:41:51.433Z,2025-12-31T12:00:00Z,2026-01-01 10:17:17+00,True,True,False,118506.480686,0.0,Yes|No,No,1.0,,,118506.480686,release_performance,music_streaming_rank,Music or streaming chart market with measurable public and industry data.,
149564,billboard-200-1-album-week-of-january-17,Billboard 200 #1 Album Week of January 17,1129892,Will The Art Of Loving by Olivia Dean be the Billboard 200 #1 album for the week of January 17?,will-the-art-of-loving-by-olivia-dean-be-the-billboard-200-1-album-for-the-week-of-january-17,0x9a7729061961e8f6ba3ff15024e3654eb6157aa8cde900b460acc85deb6bc982,,release_performance,100,pop-culture|billboard|charts|music,2026-01-08T18:34:25.757784Z,2026-01-13T00:00:00Z,2026-02-17 21:54:13+00,True,True,False,53061.809428,0.0,Yes|No,No,1.0,,,147026.059891,release_performance,music_streaming_rank,Music or streaming chart market with measurable public and industry data.,
183450,1-song-on-spotify-this-week-january-30,#1 song on Spotify this week? (January 30),1249720,"Will ""End of Beginning - Djo"" be the #1 song on Spotify this week?",will-end-of-beginning-djo-be-the-1-song-on-spotify-this-week-114,0x6b990da99944b9d1dd29adbbeb254a58fc7fa835b5006305b914618dc0b697e6,,release_performance,100,pop-culture|music|spotify,2026-01-23T21:22:04.644992Z,2026-01-30T00:00:00Z,2026-01-30 18:39:36+00,True,True,False,197999.205139,0.0,Yes|No,Yes,1.0,,,368371.763128,release_performance,music_streaming_rank,Music or streaming chart market with measurable public and industry data.,
198671,top-spotify-artist-this-month,Top Spotify artist in February?,1335108,Will Bad Bunny have the greatest number of monthly Spotify listeners this month?,will-bad-bunny-have-the-greatest-number-of-monthly-spotify-listeners-this-month,0x699a92c550395c9375043a319b7e7e9ce96ad80f39ac0ec916daaf5b49ccb684,,release_performance,100,spotify|pop-culture|music,2026-02-04T22:22:50.913029Z,2026-02-28T00:00:00Z,2026-02-28 20:20:33+00,True,True,False,233303.291309,0.0,Yes|No,No,1.0,,,1137046.191552,release_performance,music_streaming_rank,Music or streaming chart market with measurable public and industry data.,
198671,top-spotify-artist-this-month,Top Spotify artist in February?,1335106,Will Bruno Mars have the greatest number of monthly Spotify listeners this month?,will-bruno-mars-have-the-greatest-number-of-monthly-spotify-listeners-this-month,0xd4d04dbaf238a3aa7fe9333caafdf45d6fcc91d5de4e7cd0257d130e89444e68,,release_performance,100,spotify|pop-culture|music,2026-02-04T22:22:36.454864Z,2026-02-28T00:00:00Z,2026-02-28 22:07:29+00,True,True,False,355759.365415,0.0,Yes|No,Yes,1.0,,,1137046.191552,release_performance,music_streaming_rank,Music or streaming chart market with measurable public and industry data.,
198671,top-spotify-artist-this-month,Top Spotify artist in February?,1335112,Will Drake have the greatest number of monthly Spotify listeners this month?,will-drake-have-the-greatest-number-of-monthly-spotify-listeners-this-month,0x58774a6d5900caf17bbc49bf569d3652098e1550db5c3e997b2673c568dad666,,release_performance,100,spotify|pop-culture|music,2026-02-04T22:23:17.626443Z,2026-02-28T00:00:00Z,2026-02-28 20:18:25+00,True,True,False,108244.147486,0.0,Yes|No,No,1.0,,,1137046.191552,release_performance,music_streaming_rank,Music or streaming chart market with measurable public and industry data.,
198671,top-spotify-artist-this-month,Top Spotify artist in February?,1335111,Will Taylor Swift have the greatest number of monthly Spotify listeners this month?,will-taylor-swift-have-the-greatest-number-of-monthly-spotify-listeners-this-month,0xe15530ae415054237e1cb5b970020579408b028196fe8a315c4f301d96e2e44e,,release_performance,100,spotify|pop-culture|music,2026-02-04T22:23:09.280222Z,2026-02-28T00:00:00Z,2026-02-28 20:19:31+00,True,True,False,71720.344187,0.0,Yes|No,No,1.0,,,1137046.191552,release_performance,music_streaming_rank,Music or streaming chart market with measurable public and industry data.,
198671,top-spotify-artist-this-month,Top Spotify artist in February?,1335109,Will The Weeknd have the greatest number of monthly Spotify listeners this month?,will-the-weeknd-have-the-greatest-number-of-monthly-spotify-listeners-this-month,0xe8ec9fb94e2c3c30a53bd6cddd5ed0818430576c109028ec04ea6fe47ec16ffd,,release_performance,100,spotify|pop-culture|music,2026-02-04T22:22:59.171939Z,2026-02-28T00:00:00Z,2026-02-28 20:22:35+00,True,True,False,108157.782357,0.0,Yes|No,No,1.0,,,1137046.191552,release_performance,music_streaming_rank,Music or streaming chart market with measurable public and industry data.,
290185,1-song-on-spotify-this-week-march-27,#1 song on Spotify this week? (March 27),1663337,"Will ""DtMF - Bad Bunny"" be the #1 song on Spotify this week?",will-dtmf-bad-bunny-be-the-1-song-on-spotify-this-week-738,0xddc81b639d70a0d1637e9a6c28926aa9ce8bc8449dddf68bbdc1b307a897def5,,release_performance,100,pop-culture|song|spotify|music|rewards-20-4pt5-50|rewards-50-4pt5-20,2026-03-20T17:28:59.986165Z,2026-03-27T00:00:00Z,2026-03-27 17:57:41+00,True,True,False,71315.84002900001,0.0,Yes|No,No,1.0,,,194947.04964400004,release_performance,music_streaming_rank,Music or streaming chart market with measurable public and industry data.,
300613,billboard-hot-100-1-song-week-of-april-4,Billboard Hot 100 #1 Song Week of April 4,1693776,"Will ""Golden - HUNTR/X"" be the Billboard #1 song for the week of April 4?",will-golden-huntrx-be-the-billboard-1-song-for-the-week-of-april-4,0x7300309d55566bfa583547d42d53bf0b589584e58ffcd0d9cfc21d7db8f8803d,,release_performance,100,rewards-50-4pt5-20|pop-culture|charts|billboard|songs|music,2026-03-23T22:03:18.200933Z,2026-03-31T00:00:00Z,2026-03-31 00:13:05+00,True,True,False,51417.21320000003,0.0,Yes|No,No,1.0,,,270277.94473600003,release_performance,music_streaming_rank,Music or streaming chart market with measurable public and industry data.,
300613,billboard-hot-100-1-song-week-of-april-4,Billboard Hot 100 #1 Song Week of April 4,1693782,"Will ""Lemon Pound Cake - Afroman"" be the Billboard #1 song for the week of April 4?",will-lemon-pound-cake-afroman-be-the-billboard-1-song-for-the-week-of-april-4,0x73f9459381f9347e7c3cfae4cf2655fc184a115cf2a8f81eb9e95f205affa023,,release_performance,100,rewards-50-4pt5-20|pop-culture|charts|billboard|songs|music,2026-03-23T22:03:57.623404Z,2026-03-31T00:00:00Z,2026-03-31 00:13:05+00,True,True,False,65694.64796100001,0.0,Yes|No,No,1.0,,,270277.94473600003,release_performance,music_streaming_rank,Music or streaming chart market with measurable public and industry data.,
232965,top-spotify-artist-in-march,Top Spotify artist in March?,1449472,Will Bad Bunny have the greatest number of monthly Spotify listeners this month?,will-bad-bunny-have-the-greatest-number-of-monthly-spotify-listeners-this-month-952,0xbf8e216101badb5a89ac72cfc16b417ee0bd626cf297bafaecb2d15ae92624b7,,release_performance,100,music|spotify|pop-culture|rewards-20-4pt5-50,2026-02-26T23:25:17.757763Z,2026-03-31T00:00:00Z,2026-03-31 19:34:09+00,True,True,False,85469.19750499999,0.0,Yes|No,No,1.0,,,474210.33822200005,release_performance,music_streaming_rank,Music or streaming chart market with measurable public and industry data.,
232978,2-spotify-artist-in-march,#2 Spotify artist in March?,1449719,Will Bad Bunny have the second-greatest number of monthly Spotify listeners this month?,will-bad-bunny-have-the-second-greatest-number-of-monthly-spotify-listeners-this-month,0x3193a4c8fc9111f9d34ad508dbb6767b96a2de5587f998c3a989a4340d4f17f4,,release_performance,100,music|pop-culture|spotify|rewards-20-4pt5-50,2026-02-26T23:29:55.801208Z,2026-03-31T00:00:00Z,2026-03-31 19:47:11+00,True,True,False,94173.00382599997,0.0,Yes|No,No,1.0,,,179439.83873199997,release_performance,music_streaming_rank,Music or streaming chart market with measurable public and industry data.,
232965,top-spotify-artist-in-march,Top Spotify artist in March?,1449470,Will Bruno Mars have the greatest number of monthly Spotify listeners this month?,will-bruno-mars-have-the-greatest-number-of-monthly-spotify-listeners-this-month-196,0x84074f56c9ff302f8f9d8f1ee28cad9b22d9d5b32f012542da97a8cae3760112,,release_performance,100,music|spotify|pop-culture|rewards-20-4pt5-50,2026-02-26T23:24:59.868533Z,2026-03-31T00:00:00Z,2026-03-31 19:29:03+00,True,True,False,51760.15748199999,0.0,Yes|No,Yes,1.0,,,474210.33822200005,release_performance,music_streaming_rank,Music or streaming chart market with measurable public and industry data.,
232965,top-spotify-artist-in-march,Top Spotify artist in March?,1449476,Will Drake have the greatest number of monthly Spotify listeners this month?,will-drake-have-the-greatest-number-of-monthly-spotify-listeners-this-month-967,0xdff907d0e6edf210cffb1c581efe2729e26bf3b5b1a0ed314e899234ec97793d,,release_performance,100,music|spotify|pop-culture|rewards-20-4pt5-50,2026-02-26T23:25:45.65123Z,2026-03-31T00:00:00Z,2026-03-31 19:35:11+00,True,True,False,84503.34366500001,0.0,Yes|No,No,1.0,,,474210.33822200005,release_performance,music_streaming_rank,Music or streaming chart market with measurable public and industry data.,
232965,top-spotify-artist-in-march,Top Spotify artist in March?,1449473,Will The Weeknd have the greatest number of monthly Spotify listeners this month?,will-the-weeknd-have-the-greatest-number-of-monthly-spotify-listeners-this-month-524,0x1b1193cb8821ed965de40994bfe00d1eec325ea345ddd669e820c86ce57f53b3,,release_performance,100,music|spotify|pop-culture|rewards-20-4pt5-50,2026-02-26T23:25:23.620507Z,2026-03-31T00:00:00Z,2026-03-31 19:37:11+00,True,True,False,94718.78543500007,0.0,Yes|No,No,1.0,,,474210.33822200005,release_performance,music_streaming_rank,Music or streaming chart market with measurable public and industry data.,
303594,top-spotify-artist-in-april,Top Spotify artist in April?,1705041,Will Bad Bunny have the greatest number of monthly Spotify listeners this month?,will-bad-bunny-have-the-greatest-number-of-monthly-spotify-listeners-this-month-169,0x8616bfa937c684de4f0fcdd9b373b668ac9cbccdf168016e20e7b96f58dfe915,,release_performance,100,music|pop-culture|spotify|rewards-50-4pt5-20,2026-03-24T21:06:49.154463Z,2026-04-30T00:00:00Z,2026-04-30 20:55:10+00,True,True,False,115703.690775,0.0,Yes|No,No,1.0,,,540583.6531799999,release_performance,music_streaming_rank,Music or streaming chart market with measurable public and industry data.,
303594,top-spotify-artist-in-april,Top Spotify artist in April?,1705039,Will Bruno Mars have the greatest number of monthly Spotify listeners this month?,will-bruno-mars-have-the-greatest-number-of-monthly-spotify-listeners-this-month-894,0x62743a4dfdad25555810576c9b03d9786a5bada28a05c9f3b67b43f0e3f19b05,,release_performance,100,music|pop-culture|spotify|rewards-50-4pt5-20,2026-03-24T21:06:38.475562Z,2026-04-30T00:00:00Z,2026-04-30 20:56:32+00,True,True,False,170756.99202299988,0.0,Yes|No,Yes,1.0,,,540583.6531799999,release_performance,music_streaming_rank,Music or streaming chart market with measurable public and industry data.,
303594,top-spotify-artist-in-april,Top Spotify artist in April?,1705045,Will Drake have the greatest number of monthly Spotify listeners this month?,will-drake-have-the-greatest-number-of-monthly-spotify-listeners-this-month-292,0xa352b93c8023e25785bf8e75aeba3dccd72a9567a1c69b6ab942e8da7ee974ac,,release_performance,100,music|pop-culture|spotify|rewards-50-4pt5-20,2026-03-24T21:07:11.338166Z,2026-04-30T00:00:00Z,2026-04-30 20:58:22+00,True,True,False,79183.87881299999,0.0,Yes|No,No,1.0,,,540583.6531799999,release_performance,music_streaming_rank,Music or streaming chart market with measurable public and industry data.,
303594,top-spotify-artist-in-april,Top Spotify artist in April?,1705052,Will Justin Bieber have the greatest number of monthly Spotify listeners this month?,will-justin-bieber-have-the-greatest-number-of-monthly-spotify-listeners-this-month,0x4a2b7d699a0b8cf970fc1599cb6e54065f86b1b4476316654a23aa21691aa7ed,,release_performance,100,music|pop-culture|spotify|rewards-50-4pt5-20,2026-03-24T21:08:10.489Z,2026-04-30T00:00:00Z,2026-04-30 20:59:20+00,True,True,False,54266.990643000034,0.0,Yes|No,No,1.0,,,540583.6531799999,release_performance,music_streaming_rank,Music or streaming chart market with measurable public and industry data.,
